hc_DESPOT,hc_ExpertDSA,hc_ExpertHOSP,hc_POMCP,hc_Random,rdisc_DESPOT,rdisc_ExpertDSA,rdisc_ExpertHOSP,rdisc_POMCP,rdisc_Random,ttr_DESPOT,ttr_ExpertDSA,ttr_ExpertHOSP,ttr_POMCP,ttr_Random,Unnecessary_DSA,Unnecessary_HOSP,Unnecessary_POMCP,Unnecessary_Random
FALSE,FALSE,FALSE,FALSE,FALSE,5000,3850,5000,3850,5000,24,24,24,24,24,1,0,1,0
FALSE,FALSE,FALSE,FALSE,TRUE,-50000,-50000,-50000,-48500,-6049.127813,24,24,24,24,4,0,0,0,0
FALSE,FALSE,FALSE,FALSE,FALSE,5000,-1327.5,4250,-327.5,-450,24,24,24,24,24,1,1,1,1
FALSE,TRUE,FALSE,TRUE,FALSE,-50000,13278.875,-50000,2854.93125,-47400,24,3,24,4,24,0,0,0,0
FALSE,TRUE,FALSE,TRUE,FALSE,-50000,13278.875,-50000,12178.875,-46030,24,3,24,3,24,0,0,0,0
FALSE,FALSE,FALSE,FALSE,FALSE,5000,5000,5000,-327.5,-450,24,24,24,24,24,0,0,1,1
FALSE,FALSE,FALSE,FALSE,FALSE,5000,3850,4250,4850,-5937.964898,24,24,24,24,24,1,1,1,1
FALSE,FALSE,FALSE,FALSE,FALSE,5000,3850,4250,5000,5000,24,24,24,24,24,1,1,0,0
FALSE,FALSE,FALSE,FALSE,FALSE,5000,5000,4250,5000,3537.5,24,24,24,24,24,0,1,0,1
FALSE,FALSE,FALSE,FALSE,FALSE,-50000,-50000,-50000,-50000,-50000,24,24,24,24,24,0,0,0,0
FALSE,TRUE,FALSE,TRUE,TRUE,-50000,9172.5,-50000,3466.375,-1323.108922,24,2,24,3,4,0,0,0,0
FALSE,FALSE,FALSE,FALSE,FALSE,5000,5000,4250,3537.5,5000,24,24,24,24,24,0,1,1,0
FALSE,FALSE,FALSE,FALSE,FALSE,5000,3850,2860.625,5000,-6081.125,24,24,24,24,24,1,1,0,1
FALSE,FALSE,FALSE,FALSE,FALSE,5000,3850,3537.5,5000,-8588.038438,24,24,24,24,24,1,1,0,1
FALSE,TRUE,TRUE,TRUE,TRUE,-50000,13278.875,13228.875,12178.875,10845.43125,24,3,3,3,4,0,0,0,0
FALSE,TRUE,TRUE,FALSE,TRUE,-50000,9172.5,8716.375,-50000,4237.125,24,2,3,24,1,0,0,0,0
FALSE,TRUE,FALSE,TRUE,TRUE,-50000,9172.5,-50000,9122.5,-2185.499945,24,2,24,2,3,0,0,0,0
FALSE,FALSE,FALSE,FALSE,FALSE,5000,3850,5000,5000,-21336.74808,24,24,24,24,24,1,0,0,1
FALSE,FALSE,FALSE,FALSE,FALSE,5000,5000,5000,5000,5000,24,24,24,24,24,0,0,0,0
FALSE,FALSE,FALSE,FALSE,FALSE,5000,3850,5000,5000,-40615.19436,24,24,24,24,24,1,0,0,1
FALSE,FALSE,FALSE,FALSE,FALSE,5000,3850,4250,5000,-26486.37704,24,24,24,24,24,1,1,0,1
FALSE,FALSE,FALSE,FALSE,FALSE,5000,5000,5000,-450,-27829.96804,24,24,24,24,24,0,0,1,1
FALSE,FALSE,FALSE,FALSE,FALSE,5000,3850,4250,5000,-6793.98125,24,24,24,24,24,1,1,0,1
FALSE,FALSE,FALSE,FALSE,FALSE,5000,3850,4250,-450,5000,24,24,24,24,24,1,1,1,0
FALSE,TRUE,FALSE,FALSE,FALSE,-50000,9172.5,-50000,-50000,-51275,24,2,24,24,24,0,0,0,0
FALSE,FALSE,FALSE,FALSE,FALSE,5000,3850,4250,5000,-24000.58568,24,24,24,24,24,1,1,0,1
FALSE,FALSE,FALSE,FALSE,FALSE,5000,3850,4250,2099.625,3850,24,24,24,24,24,1,1,1,1
FALSE,FALSE,FALSE,FALSE,FALSE,5000,-1327.5,3537.5,4850,4850,24,24,24,24,24,1,1,1,1
FALSE,FALSE,FALSE,FALSE,FALSE,5000,3850,5000,-1327.5,-6930.856976,24,24,24,24,24,1,0,1,1
FALSE,FALSE,TRUE,TRUE,TRUE,-50000,-50000,3728.875,9550,-28726.47595,24,24,3,1,7,0,0,0,0
FALSE,FALSE,FALSE,TRUE,TRUE,-50000,-50000,-50000,3513.875,-28757.05753,24,24,24,3,1,0,0,0,0
FALSE,FALSE,FALSE,FALSE,FALSE,5000,5000,4250,-450,-10413.79031,24,24,24,24,24,0,1,1,1
FALSE,FALSE,FALSE,FALSE,FALSE,5000,3850,5000,-450,5000,24,24,24,24,24,1,0,1,0
FALSE,TRUE,FALSE,FALSE,TRUE,-50000,9172.5,-50000,-50000,4488.875,24,2,24,24,1,0,0,0,0
FALSE,FALSE,FALSE,FALSE,FALSE,5000,3850,4250,4850,-32423.107,24,24,24,24,24,1,1,1,1
FALSE,FALSE,FALSE,FALSE,FALSE,5000,3850,5000,-5081.127812,-39048.76479,24,24,24,24,24,1,0,1,1
FALSE,FALSE,FALSE,FALSE,FALSE,5000,5000,5000,4250,-23704.53892,24,24,24,24,24,0,0,1,1
FALSE,FALSE,FALSE,FALSE,FALSE,5000,3850,4250,5000,5000,24,24,24,24,24,1,1,0,0
FALSE,FALSE,FALSE,FALSE,FALSE,5000,5000,-927.5,4850,-22717.98079,24,24,24,24,24,0,1,1,1
FALSE,FALSE,FALSE,FALSE,FALSE,5000,3850,5000,-1327.5,3850,24,24,24,24,24,1,0,1,1
FALSE,FALSE,FALSE,FALSE,FALSE,5000,5000,-2422.948438,5000,-450,24,24,24,24,24,0,1,0,1
FALSE,FALSE,FALSE,FALSE,FALSE,5000,5000,5000,-327.5,-10422.32362,24,24,24,24,24,0,0,1,1
FALSE,FALSE,FALSE,FALSE,FALSE,5000,-1327.5,4250,-327.5,3537.5,24,24,24,24,24,1,1,1,1
FALSE,FALSE,FALSE,FALSE,FALSE,5000,5000,5000,5000,-16670.31685,24,24,24,24,24,0,0,0,1
FALSE,TRUE,TRUE,FALSE,FALSE,-50000,9172.5,9122.5,-44671.25,-49965,24,2,2,24,24,0,0,0,0
FALSE,FALSE,FALSE,FALSE,FALSE,5000,3850,5000,4250,-5627.5,24,24,24,24,24,1,0,1,1
FALSE,TRUE,FALSE,TRUE,TRUE,-50000,9172.5,-47450,7713.875,-15553.07486,24,2,24,3,6,0,0,0,0
FALSE,FALSE,FALSE,FALSE,FALSE,5000,3850,5000,4250,5000,24,24,24,24,24,1,0,1,0
FALSE,FALSE,FALSE,FALSE,FALSE,5000,5000,5000,3757.5,-30474.84871,24,24,24,24,24,0,0,1,1
FALSE,FALSE,FALSE,FALSE,FALSE,5000,5000,5000,3850,-10674.73125,24,24,24,24,24,0,0,1,1
FALSE,FALSE,FALSE,FALSE,FALSE,5000,5000,-5846.125,5000,-34591.22756,24,24,24,24,24,0,1,0,1
FALSE,FALSE,FALSE,FALSE,FALSE,5000,5000,5000,5000,-25566.6053,24,24,24,24,24,0,0,0,1
FALSE,FALSE,FALSE,FALSE,FALSE,5000,3850,5000,5000,5000,24,24,24,24,24,1,0,0,0
FALSE,FALSE,FALSE,FALSE,FALSE,5000,5000,3537.5,5000,3757.5,24,24,24,24,24,0,1,0,1
FALSE,FALSE,FALSE,FALSE,FALSE,5000,2757.5,4250,-327.5,-927.5,24,24,24,24,24,1,1,1,1
FALSE,FALSE,FALSE,FALSE,FALSE,5000,3850,5000,3850,-450,24,24,24,24,24,1,0,1,1
FALSE,FALSE,FALSE,FALSE,FALSE,5000,3850,-927.5,5000,-1839.375,24,24,24,24,24,1,1,0,1
FALSE,FALSE,FALSE,FALSE,FALSE,5000,-1327.5,4250,5000,-29952.67362,24,24,24,24,24,1,1,0,1
FALSE,TRUE,FALSE,TRUE,FALSE,-50000,9172.5,-47464.25,9172.5,-47713.625,24,2,24,2,24,0,0,0,0
FALSE,FALSE,FALSE,FALSE,FALSE,5000,3850,4250,5000,4250,24,24,24,24,24,1,1,0,1
FALSE,FALSE,FALSE,FALSE,FALSE,5000,3850,4250,5000,4250,24,24,24,24,24,1,1,0,1
FALSE,TRUE,FALSE,TRUE,FALSE,-50000,9172.5,-50000,3872.5,-50000,24,2,24,2,24,0,0,0,0
FALSE,FALSE,FALSE,FALSE,FALSE,5000,3850,4250,-450,3850,24,24,24,24,24,1,1,1,1
FALSE,FALSE,FALSE,FALSE,TRUE,-50000,-50000,-50000,-50000,-5718.81875,24,24,24,24,2,0,0,0,0
FALSE,FALSE,FALSE,FALSE,FALSE,5000,5000,5000,3757.5,-33155.82433,24,24,24,24,24,0,0,1,1
FALSE,TRUE,FALSE,TRUE,FALSE,-50000,9172.5,-50000,3195.625,-50000,24,2,24,2,24,0,0,0,0
FALSE,FALSE,FALSE,FALSE,FALSE,5000,-1327.5,4250,3850,-6956.106549,24,24,24,24,24,1,1,1,1
FALSE,FALSE,FALSE,FALSE,FALSE,5000,3850,4250,-450,1556.836562,24,24,24,24,24,1,1,1,1
FALSE,FALSE,FALSE,FALSE,FALSE,5000,5000,4250,-450,5000,24,24,24,24,24,0,1,1,0
FALSE,FALSE,FALSE,FALSE,FALSE,5000,5000,4250,-450,-11660.09205,24,24,24,24,24,0,1,1,1
FALSE,FALSE,FALSE,FALSE,FALSE,5000,3850,4250,-450,5000,24,24,24,24,24,1,1,1,0
FALSE,FALSE,FALSE,FALSE,FALSE,-50000,-50000,-50000,-50000,-35475.34928,24,24,24,24,24,0,0,0,0
FALSE,FALSE,FALSE,FALSE,FALSE,5000,5000,4250,3850,5000,24,24,24,24,24,0,1,1,0
FALSE,FALSE,FALSE,FALSE,FALSE,5000,3850,4250,4850,-31629.57038,24,24,24,24,24,1,1,1,1
FALSE,FALSE,FALSE,FALSE,FALSE,5000,3850,4250,4250,-16360.09205,24,24,24,24,24,1,1,1,1
FALSE,FALSE,FALSE,FALSE,FALSE,5000,5000,5000,5000,-450,24,24,24,24,24,0,0,0,1
FALSE,FALSE,FALSE,FALSE,FALSE,5000,5000,4250,4850,-20281.00269,24,24,24,24,24,0,1,1,1
FALSE,FALSE,FALSE,FALSE,FALSE,5000,5000,5000,-1965.375,-450,24,24,24,24,24,0,0,1,1
FALSE,FALSE,FALSE,FALSE,FALSE,5000,5000,4250,5000,-1162.5,24,24,24,24,24,0,1,0,1
FALSE,FALSE,FALSE,TRUE,TRUE,-50000,-50000,-50000,7666.375,3275.84375,24,24,24,3,1,0,0,0,0
FALSE,FALSE,FALSE,FALSE,FALSE,5000,3850,5000,4250,3850,24,24,24,24,24,1,0,1,1
FALSE,FALSE,FALSE,FALSE,FALSE,5000,5000,4250,3850,-19133.20467,24,24,24,24,24,0,1,1,1
FALSE,TRUE,FALSE,FALSE,TRUE,-50000,8606.18125,-50000,-44476.75,7367.43125,24,3,24,24,4,0,0,0,0
FALSE,FALSE,FALSE,FALSE,FALSE,5000,5000,4250,4850,-17639.89654,24,24,24,24,24,0,1,1,1
FALSE,FALSE,FALSE,FALSE,FALSE,5000,5000,4250,5000,-6009.282453,24,24,24,24,24,0,1,0,1
FALSE,FALSE,FALSE,TRUE,FALSE,-50000,-50000,-45027.5,3778.875,-47400,24,24,24,3,24,0,0,0,0
FALSE,FALSE,FALSE,FALSE,FALSE,5000,3850,5000,4250,-5627.5,24,24,24,24,24,1,0,1,1
FALSE,TRUE,FALSE,TRUE,FALSE,-50000,9172.5,-50000,9172.5,-45469.18379,24,2,24,2,24,0,0,0,0
FALSE,FALSE,FALSE,FALSE,FALSE,5000,3850,5000,5000,-6947.40625,24,24,24,24,24,1,0,0,1
FALSE,FALSE,FALSE,TRUE,FALSE,-50000,-50000,-52451.75,8813.875,-53175.32937,24,24,24,3,24,0,0,0,0
FALSE,FALSE,FALSE,FALSE,FALSE,5000,-1327.5,4250,-450,5000,24,24,24,24,24,1,1,1,0
FALSE,FALSE,FALSE,FALSE,FALSE,5000,5000,5000,5000,-5627.5,24,24,24,24,24,0,0,0,1
FALSE,FALSE,FALSE,FALSE,FALSE,5000,3850,4250,5000,5000,24,24,24,24,24,1,1,0,0
FALSE,FALSE,FALSE,FALSE,FALSE,5000,5000,5000,4250,3850,24,24,24,24,24,0,0,1,1
FALSE,FALSE,FALSE,FALSE,FALSE,5000,3850,4250,5000,-20846.48635,24,24,24,24,24,1,1,0,1
FALSE,FALSE,FALSE,FALSE,FALSE,5000,3850,4250,5000,-1327.5,24,24,24,24,24,1,1,0,1
FALSE,FALSE,FALSE,FALSE,FALSE,-50000,-50000,-52451.75,-50000,-49711.25,24,24,24,24,24,0,0,0,0
FALSE,FALSE,FALSE,FALSE,FALSE,5000,5000,4250,4250,-1327.5,24,24,24,24,24,0,1,1,1
FALSE,FALSE,FALSE,FALSE,FALSE,5000,3850,5000,5000,-15694.23392,24,24,24,24,24,1,0,0,1
FALSE,FALSE,FALSE,FALSE,FALSE,5000,3850,4250,3850,-42255.33142,24,24,24,24,24,1,1,1,1
FALSE,FALSE,FALSE,FALSE,FALSE,5000,5000,4250,-5627.5,-16008.38075,24,24,24,24,24,0,1,1,1
FALSE,TRUE,TRUE,TRUE,TRUE,-50000,9172.5,9122.5,3872.5,3334.625,24,2,2,2,1,0,0,0,0
FALSE,FALSE,FALSE,FALSE,FALSE,5000,-1327.5,5000,5000,3137.5,24,24,24,24,24,1,0,0,1
FALSE,FALSE,FALSE,FALSE,FALSE,5000,3850,4250,5000,-727.875,24,24,24,24,24,1,1,0,1
FALSE,FALSE,FALSE,FALSE,FALSE,5000,5000,5000,4850,-4821.836076,24,24,24,24,24,0,0,1,1
FALSE,FALSE,FALSE,TRUE,TRUE,-50000,-50000,-47450,9550,-3119.937163,24,24,24,1,7,0,0,0,0
FALSE,FALSE,FALSE,FALSE,FALSE,5000,3850,5000,5000,-5627.5,24,24,24,24,24,1,0,0,1
FALSE,FALSE,FALSE,FALSE,FALSE,5000,2757.5,5000,5000,-7100.035938,24,24,24,24,24,1,0,0,1
FALSE,FALSE,FALSE,FALSE,FALSE,5000,5000,3537.5,4250,-6589.73125,24,24,24,24,24,0,1,1,1
FALSE,FALSE,FALSE,FALSE,FALSE,5000,3850,4250,5000,-5709.627812,24,24,24,24,24,1,1,0,1
FALSE,FALSE,FALSE,FALSE,FALSE,5000,5000,4250,-450,-17054.59115,24,24,24,24,24,0,1,1,1
FALSE,FALSE,FALSE,FALSE,FALSE,5000,5000,4250,5000,5000,24,24,24,24,24,0,1,0,0
FALSE,FALSE,FALSE,FALSE,FALSE,5000,3850,5000,4850,3537.5,24,24,24,24,24,1,0,1,1
FALSE,FALSE,FALSE,FALSE,FALSE,5000,3850,5000,5000,4250,24,24,24,24,24,1,0,0,1
FALSE,FALSE,FALSE,FALSE,FALSE,5000,5000,5000,-450,-32521.59991,24,24,24,24,24,0,0,1,1
FALSE,FALSE,FALSE,FALSE,FALSE,5000,5000,4250,4250,-6303.06875,24,24,24,24,24,0,1,1,1
FALSE,FALSE,FALSE,FALSE,FALSE,5000,3850,4250,5000,5000,24,24,24,24,24,1,1,0,0
FALSE,FALSE,FALSE,FALSE,FALSE,5000,5000,5000,3022.125,-29372.8363,24,24,24,24,24,0,0,1,1
FALSE,FALSE,FALSE,FALSE,FALSE,5000,3850,5000,5000,3850,24,24,24,24,24,1,0,0,1
FALSE,FALSE,FALSE,FALSE,FALSE,5000,3850,5000,5000,4850,24,24,24,24,24,1,0,0,1
FALSE,FALSE,FALSE,FALSE,FALSE,5000,3850,4250,3850,-995.5403125,24,24,24,24,24,1,1,1,1
FALSE,TRUE,FALSE,TRUE,FALSE,-50000,9172.5,-50000,-3711.840313,-52700,24,2,24,5,24,0,0,0,0
FALSE,FALSE,FALSE,FALSE,FALSE,5000,3850,4250,5000,-6651.127812,24,24,24,24,24,1,1,0,1
FALSE,FALSE,FALSE,FALSE,FALSE,5000,5000,4250,4250,5000,24,24,24,24,24,0,1,1,0
FALSE,TRUE,TRUE,FALSE,FALSE,-50000,12938.18125,13228.875,-38341.75,-29465.60157,24,4,3,24,24,0,0,0,0
FALSE,FALSE,FALSE,FALSE,FALSE,5000,3850,4250,5000,-1162.5,24,24,24,24,24,1,1,0,1
FALSE,FALSE,FALSE,FALSE,FALSE,5000,5000,4250,5000,-31950.82033,24,24,24,24,24,0,1,0,1
FALSE,FALSE,FALSE,FALSE,FALSE,5000,3850,3537.5,-1327.5,-15218.81875,24,24,24,24,24,1,1,1,1
FALSE,TRUE,FALSE,FALSE,FALSE,-50000,13278.875,-50000,-50000,-42700,24,3,24,24,24,0,0,0,0
FALSE,FALSE,FALSE,FALSE,FALSE,5000,5000,5000,5000,-5627.5,24,24,24,24,24,0,0,0,1
FALSE,FALSE,FALSE,FALSE,TRUE,-50000,-50000,-50000,-50000,1612.667691,24,24,24,24,3,0,0,0,0
FALSE,FALSE,FALSE,FALSE,FALSE,5000,-1327.5,5000,5000,-10918.81875,24,24,24,24,24,1,0,0,1
FALSE,FALSE,FALSE,FALSE,FALSE,5000,5000,4250,4250,-1162.5,24,24,24,24,24,0,1,1,1
FALSE,FALSE,FALSE,FALSE,FALSE,5000,3850,4250,5000,-1162.5,24,24,24,24,24,1,1,0,1
FALSE,FALSE,FALSE,FALSE,FALSE,5000,3850,5000,5000,-781.125,24,24,24,24,24,1,0,0,1
FALSE,FALSE,FALSE,FALSE,FALSE,5000,5000,5000,-450,-48014.25,24,24,24,24,24,0,0,1,1
FALSE,FALSE,FALSE,FALSE,FALSE,5000,2757.5,4250,4250,-10126.61458,24,24,24,24,24,1,1,1,1
FALSE,FALSE,FALSE,FALSE,FALSE,5000,3850,5000,5000,-2990.35625,24,24,24,24,24,1,0,0,1
FALSE,FALSE,FALSE,FALSE,FALSE,5000,5000,5000,3850,-18656.32282,24,24,24,24,24,0,0,1,1
FALSE,TRUE,TRUE,TRUE,TRUE,-50000,9172.5,9122.5,-1395.06875,113.2463618,24,2,2,4,3,0,0,0,0
FALSE,TRUE,TRUE,FALSE,FALSE,-50000,9172.5,9122.5,-50000,-47477.11062,24,2,2,24,24,0,0,0,0
FALSE,FALSE,FALSE,FALSE,FALSE,5000,5000,4250,3850,4850,24,24,24,24,24,0,1,1,1
FALSE,FALSE,FALSE,FALSE,FALSE,5000,3850,5000,5000,-2432.853078,24,24,24,24,24,1,0,0,1
FALSE,FALSE,FALSE,FALSE,FALSE,5000,5000,4250,-450,-18448.27235,24,24,24,24,24,0,1,1,1
FALSE,TRUE,FALSE,FALSE,FALSE,-50000,9172.5,-50000,-50000,-47400,24,2,24,24,24,0,0,0,0
FALSE,FALSE,FALSE,FALSE,FALSE,5000,3850,-927.5,5000,-14598.23392,24,24,24,24,24,1,1,0,1
FALSE,FALSE,FALSE,FALSE,FALSE,5000,3850,5000,-1327.5,-28739.73675,24,24,24,24,24,1,0,1,1
FALSE,TRUE,FALSE,FALSE,TRUE,-50000,9172.5,-50000,-50000,-3587.155559,24,2,24,24,2,0,0,0,0
FALSE,FALSE,FALSE,FALSE,FALSE,5000,5000,4250,4850,5000,24,24,24,24,24,0,1,1,0
FALSE,FALSE,FALSE,FALSE,FALSE,5000,3850,5000,-450,-19174.98392,24,24,24,24,24,1,0,1,1
FALSE,FALSE,FALSE,FALSE,FALSE,5000,3850,4250,5000,-450,24,24,24,24,24,1,1,0,1
FALSE,FALSE,FALSE,TRUE,FALSE,-50000,-50000,-50000,8072.5,-50277.5,24,24,24,2,24,0,0,0,0
FALSE,FALSE,FALSE,FALSE,FALSE,5000,3850,5000,3757.5,-15628.21531,24,24,24,24,24,1,0,1,1
FALSE,FALSE,FALSE,FALSE,FALSE,5000,5000,4250,5000,5000,24,24,24,24,24,0,1,0,0
FALSE,FALSE,FALSE,FALSE,FALSE,-50000,-50000,-50000,-50000,-50015,24,24,24,24,24,0,0,0,0
FALSE,FALSE,FALSE,FALSE,FALSE,5000,3850,4250,5000,-1327.5,24,24,24,24,24,1,1,0,1
FALSE,TRUE,FALSE,TRUE,FALSE,-50000,3778.875,-50000,3728.875,-47400,24,3,24,3,24,0,0,0,0
FALSE,FALSE,FALSE,TRUE,FALSE,-50000,-50000,-50000,3728.875,-50000,24,24,24,3,24,0,0,0,0
FALSE,TRUE,TRUE,FALSE,FALSE,-50000,9172.5,9122.5,-50000,-50000,24,2,2,24,24,0,0,0,0
FALSE,FALSE,FALSE,TRUE,FALSE,-50000,-50000,-50000,8104.93125,-42951.75,24,24,24,4,24,0,0,0,0
FALSE,FALSE,FALSE,FALSE,TRUE,-50000,-50000,-50000,-50000,8661.209687,24,24,24,24,3,0,0,0,0
FALSE,FALSE,FALSE,FALSE,FALSE,5000,-1327.5,4250,5000,2480.625,24,24,24,24,24,1,1,0,1
FALSE,FALSE,FALSE,FALSE,FALSE,5000,5000,4250,-450,-22846.23473,24,24,24,24,24,0,1,1,1
FALSE,FALSE,FALSE,FALSE,FALSE,5000,5000,4250,4850,-34714.64356,24,24,24,24,24,0,1,1,1
FALSE,TRUE,TRUE,TRUE,FALSE,-50000,9172.5,9122.5,6435.43125,-48514.25,24,2,2,4,24,0,0,0,0
FALSE,FALSE,FALSE,FALSE,FALSE,5000,5000,4250,4850,5000,24,24,24,24,24,0,1,1,0
FALSE,FALSE,FALSE,TRUE,FALSE,-50000,-50000,-50000,7054.93125,-34252.07125,24,24,24,4,24,0,0,0,0
FALSE,FALSE,FALSE,FALSE,FALSE,5000,5000,5000,4250,-15706.36463,24,24,24,24,24,0,0,1,1
FALSE,FALSE,TRUE,FALSE,FALSE,-50000,-50000,8445.625,-50000,-50000,24,24,2,24,24,0,0,0,0
FALSE,FALSE,FALSE,FALSE,FALSE,5000,3850,5000,3850,-6020.021422,24,24,24,24,24,1,0,1,1
FALSE,FALSE,FALSE,FALSE,FALSE,5000,3850,5000,4250,-2365.375,24,24,24,24,24,1,0,1,1
FALSE,FALSE,FALSE,FALSE,FALSE,5000,3850,3537.5,4107.5,-450,24,24,24,24,24,1,1,1,1
FALSE,FALSE,FALSE,FALSE,FALSE,5000,3850,4250,5000,-1781.125,24,24,24,24,24,1,1,0,1
FALSE,FALSE,FALSE,FALSE,FALSE,5000,-1327.5,5000,-927.5,-23926.65103,24,24,24,24,24,1,0,1,1
FALSE,FALSE,FALSE,FALSE,FALSE,5000,-1327.5,4250,4250,-7308.40625,24,24,24,24,24,1,1,1,1
FALSE,FALSE,FALSE,FALSE,TRUE,-50000,-50000,-50000,-50000,-1611.413438,24,24,24,24,1,0,0,0,0
FALSE,FALSE,FALSE,FALSE,FALSE,5000,5000,4250,5000,-15328.05465,24,24,24,24,24,0,1,0,1
FALSE,TRUE,FALSE,FALSE,FALSE,-50000,13278.875,-50000,-50000,-48500,24,3,24,24,24,0,0,0,0
FALSE,FALSE,FALSE,FALSE,FALSE,5000,3850,4250,5000,-5627.5,24,24,24,24,24,1,1,0,1
FALSE,FALSE,FALSE,FALSE,FALSE,5000,3850,5000,-450,-10518.81875,24,24,24,24,24,1,0,1,1
FALSE,FALSE,FALSE,FALSE,FALSE,5000,-1327.5,5000,-450,-6304.375,24,24,24,24,24,1,0,1,1
FALSE,FALSE,FALSE,FALSE,FALSE,5000,5000,5000,4250,-14969.8305,24,24,24,24,24,0,0,1,1
FALSE,FALSE,FALSE,FALSE,FALSE,5000,3850,4250,4250,-450,24,24,24,24,24,1,1,1,1
FALSE,FALSE,TRUE,FALSE,TRUE,-50000,-50000,3728.875,-48500,-10133.23392,24,24,3,24,2,0,0,0,0
FALSE,FALSE,FALSE,FALSE,FALSE,5000,3850,4250,-327.5,-450,24,24,24,24,24,1,1,1,1
FALSE,TRUE,FALSE,TRUE,FALSE,-50000,9172.5,-50000,9172.5,-55265,24,2,24,2,24,0,0,0,0
FALSE,FALSE,FALSE,FALSE,FALSE,5000,5000,4250,4250,3850,24,24,24,24,24,0,1,1,1
FALSE,FALSE,FALSE,FALSE,FALSE,5000,3850,4250,5000,-29863.85566,24,24,24,24,24,1,1,0,1
FALSE,FALSE,FALSE,FALSE,FALSE,5000,5000,5000,5000,-450,24,24,24,24,24,0,0,0,1
FALSE,FALSE,FALSE,FALSE,FALSE,5000,3850,4250,5000,-5933.040313,24,24,24,24,24,1,1,0,1
FALSE,FALSE,FALSE,FALSE,FALSE,5000,5000,5000,4250,-1270.56875,24,24,24,24,24,0,0,1,1
FALSE,FALSE,FALSE,FALSE,FALSE,5000,3850,4250,5000,-450,24,24,24,24,24,1,1,0,1
FALSE,FALSE,FALSE,FALSE,FALSE,5000,5000,4250,4250,-1327.5,24,24,24,24,24,0,1,1,1
FALSE,FALSE,FALSE,FALSE,FALSE,5000,3850,5000,3850,-1327.5,24,24,24,24,24,1,0,1,1
FALSE,FALSE,FALSE,FALSE,FALSE,5000,5000,5000,-1542.5,-327.5,24,24,24,24,24,0,0,1,1
FALSE,TRUE,TRUE,TRUE,FALSE,-50000,8813.875,3728.875,9122.5,-50000,24,3,3,2,24,0,0,0,0
FALSE,FALSE,FALSE,FALSE,FALSE,5000,3850,5000,5000,-15392.14535,24,24,24,24,24,1,0,0,1
FALSE,TRUE,TRUE,FALSE,FALSE,-50000,9172.5,3592.43125,-50000,-50781.6625,24,2,4,24,24,0,0,0,0
FALSE,FALSE,FALSE,FALSE,FALSE,5000,-1327.5,5000,4250,3850,24,24,24,24,24,1,0,1,1
FALSE,FALSE,FALSE,FALSE,FALSE,5000,3850,4250,-450,-5846.125,24,24,24,24,24,1,1,1,1
FALSE,FALSE,FALSE,FALSE,FALSE,5000,3850,4250,5000,-1327.5,24,24,24,24,24,1,1,0,1
FALSE,FALSE,FALSE,FALSE,FALSE,5000,2757.5,5000,5000,-1327.5,24,24,24,24,24,1,0,0,1
FALSE,FALSE,FALSE,FALSE,FALSE,5000,5000,4250,5000,-450,24,24,24,24,24,0,1,0,1
FALSE,TRUE,TRUE,TRUE,TRUE,-50000,9172.5,9122.5,6328.18125,-24738.49723,24,2,2,4,11,0,0,0,0
FALSE,FALSE,FALSE,FALSE,FALSE,5000,3850,4250,4107.5,-450,24,24,24,24,24,1,1,1,1
FALSE,FALSE,FALSE,FALSE,FALSE,5000,5000,4250,4107.5,4850,24,24,24,24,24,0,1,1,1
FALSE,FALSE,FALSE,FALSE,FALSE,5000,5000,4250,5000,-11510.6681,24,24,24,24,24,0,1,0,1
FALSE,FALSE,FALSE,FALSE,FALSE,5000,3850,5000,-211.125,-33636.61322,24,24,24,24,24,1,0,1,1
FALSE,TRUE,TRUE,FALSE,FALSE,-50000,12938.18125,13228.875,-50000,-50000,24,4,3,24,24,0,0,0,0
FALSE,FALSE,FALSE,FALSE,FALSE,5000,3850,4250,3850,-6461.125,24,24,24,24,24,1,1,1,1
FALSE,FALSE,FALSE,FALSE,FALSE,5000,3850,4250,5000,-9383.450693,24,24,24,24,24,1,1,0,1
FALSE,FALSE,FALSE,FALSE,FALSE,5000,5000,5000,4850,5000,24,24,24,24,24,0,0,1,0
FALSE,FALSE,FALSE,FALSE,FALSE,5000,5000,5000,-450,3757.5,24,24,24,24,24,0,0,1,1
FALSE,FALSE,FALSE,FALSE,FALSE,5000,3850,5000,5000,-5246.125,24,24,24,24,24,1,0,0,1
FALSE,FALSE,FALSE,FALSE,FALSE,5000,3850,2860.625,-450,-42883.63095,24,24,24,24,24,1,1,1,1
FALSE,TRUE,TRUE,TRUE,FALSE,-50000,9172.5,8716.375,9122.5,-44930,24,2,3,2,24,0,0,0,0
FALSE,FALSE,FALSE,FALSE,FALSE,5000,3850,5000,5000,-592.5,24,24,24,24,24,1,0,0,1
FALSE,FALSE,FALSE,FALSE,FALSE,5000,3850,5000,4850,5000,24,24,24,24,24,1,0,1,0
FALSE,FALSE,FALSE,FALSE,FALSE,5000,3850,4250,4850,-15545.32142,24,24,24,24,24,1,1,1,1
FALSE,FALSE,FALSE,FALSE,TRUE,-50000,-50000,-50000,-50000,-21066.86596,24,24,24,24,6,0,0,0,0
FALSE,FALSE,FALSE,FALSE,FALSE,5000,3850,5000,4850,5000,24,24,24,24,24,1,0,1,0
FALSE,FALSE,FALSE,FALSE,FALSE,5000,3850,4250,5000,-28471.97859,24,24,24,24,24,1,1,0,1
FALSE,TRUE,TRUE,TRUE,FALSE,-50000,9172.5,3728.875,8837.5,-50000,24,2,3,1,24,0,0,0,0
FALSE,FALSE,FALSE,FALSE,FALSE,5000,3850,5000,5000,-7404.860938,24,24,24,24,24,1,0,0,1
FALSE,FALSE,FALSE,FALSE,FALSE,5000,3850,3537.5,5000,-13650.50022,24,24,24,24,24,1,1,0,1
FALSE,FALSE,FALSE,FALSE,FALSE,5000,3850,5000,3850,-5627.5,24,24,24,24,24,1,0,1,1
FALSE,FALSE,FALSE,FALSE,FALSE,5000,5000,4250,5000,-20616.83709,24,24,24,24,24,0,1,0,1
FALSE,TRUE,TRUE,FALSE,FALSE,-50000,13278.875,12843.05625,-50000,-42700,24,3,4,24,24,0,0,0,0
FALSE,FALSE,FALSE,FALSE,FALSE,5000,5000,5000,5000,5000,24,24,24,24,24,0,0,0,0
FALSE,FALSE,FALSE,FALSE,FALSE,5000,5000,2860.625,5000,-7136.330391,24,24,24,24,24,0,1,0,1
FALSE,TRUE,TRUE,FALSE,FALSE,-50000,9172.5,9122.5,-50000,-50000,24,2,2,24,24,0,0,0,0
FALSE,FALSE,FALSE,FALSE,FALSE,5000,5000,-927.5,-450,-10794.69844,24,24,24,24,24,0,1,1,1
FALSE,FALSE,FALSE,FALSE,FALSE,5000,5000,3537.5,4850,-29096.79393,24,24,24,24,24,0,1,1,1
FALSE,FALSE,FALSE,FALSE,FALSE,5000,3850,4250,5000,-327.5,24,24,24,24,24,1,1,0,1
FALSE,FALSE,FALSE,FALSE,FALSE,5000,3850,5000,5000,-37925.0722,24,24,24,24,24,1,0,0,1
FALSE,FALSE,FALSE,FALSE,FALSE,5000,3850,4250,5000,5000,24,24,24,24,24,1,1,0,0
FALSE,FALSE,FALSE,FALSE,FALSE,5000,5000,5000,5000,-34051.14461,24,24,24,24,24,0,0,0,1
FALSE,FALSE,FALSE,FALSE,FALSE,5000,5000,5000,5000,-3104.860938,24,24,24,24,24,0,0,0,1
FALSE,FALSE,FALSE,FALSE,FALSE,5000,3850,5000,5000,-450,24,24,24,24,24,1,0,0,1
FALSE,FALSE,FALSE,TRUE,TRUE,-50000,-50000,-50000,6668.875,4372.5,24,24,24,3,1,0,0,0,0
FALSE,TRUE,FALSE,TRUE,FALSE,-50000,13278.875,-50000,13278.875,-50000,24,3,24,3,24,0,0,0,0
FALSE,FALSE,FALSE,FALSE,FALSE,5000,3850,4250,-450,-15784.65258,24,24,24,24,24,1,1,1,1
FALSE,FALSE,FALSE,FALSE,FALSE,5000,3850,4250,5000,4850,24,24,24,24,24,1,1,0,1
FALSE,FALSE,FALSE,FALSE,FALSE,5000,3850,4250,5000,-24261.48539,24,24,24,24,24,1,1,0,1
FALSE,FALSE,FALSE,FALSE,FALSE,5000,5000,5000,-450,4250,24,24,24,24,24,0,0,1,1
FALSE,FALSE,FALSE,FALSE,FALSE,5000,3850,5000,4850,-5677.06875,24,24,24,24,24,1,0,1,1
FALSE,FALSE,FALSE,FALSE,FALSE,5000,3850,5000,4250,4850,24,24,24,24,24,1,0,1,1
FALSE,FALSE,FALSE,FALSE,FALSE,-50000,-50000,-50000,-48500,-50000,24,24,24,24,24,0,0,0,0
FALSE,FALSE,FALSE,FALSE,FALSE,5000,3850,5000,4250,-15299.04757,24,24,24,24,24,1,0,1,1
FALSE,FALSE,FALSE,FALSE,FALSE,5000,3850,5000,5000,5000,24,24,24,24,24,1,0,0,0
FALSE,TRUE,FALSE,TRUE,TRUE,-50000,9172.5,-47450,9172.5,3366.272187,24,2,24,2,5,0,0,0,0
FALSE,FALSE,FALSE,FALSE,FALSE,5000,2757.5,4250,5000,-15442.9781,24,24,24,24,24,1,1,0,1
FALSE,FALSE,FALSE,FALSE,FALSE,5000,3850,5000,3850,-450,24,24,24,24,24,1,0,1,1
FALSE,TRUE,FALSE,TRUE,FALSE,-50000,9172.5,-47450,7768.875,-45027.5,24,2,24,3,24,0,0,0,0
FALSE,FALSE,FALSE,FALSE,FALSE,5000,3850,4250,5000,-592.5,24,24,24,24,24,1,1,0,1
FALSE,FALSE,TRUE,FALSE,TRUE,-50000,-50000,9122.5,-50000,-22883.03872,24,24,2,24,3,0,0,0,0
FALSE,FALSE,FALSE,FALSE,FALSE,5000,3850,4250,5000,-10892.87781,24,24,24,24,24,1,1,0,1
FALSE,FALSE,FALSE,FALSE,FALSE,5000,5000,4250,5000,-592.5,24,24,24,24,24,0,1,0,1
FALSE,FALSE,FALSE,FALSE,FALSE,5000,3850,4250,3850,-15893.19495,24,24,24,24,24,1,1,1,1
FALSE,FALSE,FALSE,FALSE,FALSE,5000,3850,5000,-450,-15563.12346,24,24,24,24,24,1,0,1,1
FALSE,FALSE,FALSE,FALSE,FALSE,5000,5000,4250,5000,-6246.125,24,24,24,24,24,0,1,0,1
FALSE,TRUE,TRUE,FALSE,TRUE,-50000,9172.5,9122.5,-50000,-36502.78297,24,2,2,24,2,0,0,0,0
FALSE,FALSE,FALSE,FALSE,FALSE,5000,3850,4250,5000,-33943.20563,24,24,24,24,24,1,1,0,1
FALSE,FALSE,FALSE,FALSE,FALSE,5000,3850,5000,5000,-5371.590438,24,24,24,24,24,1,0,0,1
FALSE,FALSE,FALSE,FALSE,FALSE,5000,5000,5000,5000,-12186.9715,24,24,24,24,24,0,0,0,1
FALSE,FALSE,FALSE,FALSE,FALSE,5000,3850,5000,5000,-450,24,24,24,24,24,1,0,0,1
FALSE,FALSE,FALSE,FALSE,FALSE,5000,3850,4250,-327.5,-20586.79603,24,24,24,24,24,1,1,1,1
FALSE,FALSE,FALSE,FALSE,FALSE,-50000,-50000,-50000,-50000,-52700,24,24,24,24,24,0,0,0,0
FALSE,FALSE,FALSE,FALSE,FALSE,-50000,-50000,-50000,-50000,-47944.39848,24,24,24,24,24,0,0,0,0
FALSE,FALSE,FALSE,FALSE,FALSE,5000,3850,4250,-450,-15357.87781,24,24,24,24,24,1,1,1,1
FALSE,FALSE,FALSE,FALSE,FALSE,5000,3850,5000,5000,-5627.5,24,24,24,24,24,1,0,0,1
FALSE,FALSE,FALSE,FALSE,FALSE,5000,5000,5000,4250,-15603.57142,24,24,24,24,24,0,0,1,1
FALSE,FALSE,FALSE,FALSE,FALSE,5000,5000,4250,5000,5000,24,24,24,24,24,0,1,0,0
FALSE,FALSE,FALSE,FALSE,FALSE,5000,3850,5000,5000,5000,24,24,24,24,24,1,0,0,0
FALSE,FALSE,FALSE,FALSE,FALSE,5000,5000,5000,-450,2860.625,24,24,24,24,24,0,0,1,1
FALSE,FALSE,FALSE,FALSE,FALSE,5000,3850,4250,5000,-1965.375,24,24,24,24,24,1,1,0,1
FALSE,FALSE,FALSE,FALSE,FALSE,5000,3850,4250,4850,4850,24,24,24,24,24,1,1,1,1
FALSE,FALSE,FALSE,FALSE,FALSE,5000,5000,3537.5,5000,5000,24,24,24,24,24,0,1,0,0
FALSE,FALSE,FALSE,FALSE,FALSE,5000,5000,5000,5000,-11453.21352,24,24,24,24,24,0,0,0,1
FALSE,TRUE,TRUE,TRUE,TRUE,-50000,9172.5,9122.5,3728.875,-7130.500937,24,2,2,3,3,0,0,0,0
FALSE,FALSE,FALSE,FALSE,FALSE,5000,3850,5000,5000,-23241.01134,24,24,24,24,24,1,0,0,1
FALSE,FALSE,FALSE,FALSE,FALSE,5000,5000,3537.5,5000,-5135.56875,24,24,24,24,24,0,1,0,1
FALSE,FALSE,FALSE,FALSE,FALSE,5000,5000,5000,4250,-10985.14642,24,24,24,24,24,0,0,1,1
FALSE,FALSE,FALSE,FALSE,FALSE,5000,5000,4250,-450,-32356.78686,24,24,24,24,24,0,1,1,1
FALSE,FALSE,FALSE,FALSE,FALSE,5000,5000,4250,5000,5000,24,24,24,24,24,0,1,0,0
FALSE,FALSE,FALSE,FALSE,FALSE,5000,3850,5000,5000,-592.5,24,24,24,24,24,1,0,0,1
FALSE,FALSE,FALSE,FALSE,FALSE,5000,5000,4250,5000,-30328.931,24,24,24,24,24,0,1,0,1
FALSE,FALSE,FALSE,FALSE,FALSE,5000,5000,-927.5,-6038.06875,-6081.125,24,24,24,24,24,0,1,1,1
FALSE,FALSE,FALSE,FALSE,FALSE,5000,5000,4250,5000,-24265.94478,24,24,24,24,24,0,1,0,1
FALSE,FALSE,FALSE,FALSE,FALSE,5000,5000,5000,4850,-11099.24469,24,24,24,24,24,0,0,1,1
FALSE,FALSE,FALSE,FALSE,FALSE,5000,3850,5000,5000,-14980.89404,24,24,24,24,24,1,0,0,1
FALSE,FALSE,FALSE,FALSE,FALSE,5000,3850,4250,5000,5000,24,24,24,24,24,1,1,0,0
FALSE,FALSE,FALSE,FALSE,FALSE,5000,3850,4250,4850,-592.5,24,24,24,24,24,1,1,1,1
FALSE,FALSE,FALSE,FALSE,FALSE,5000,3850,4250,3850,-927.5,24,24,24,24,24,1,1,1,1
FALSE,FALSE,FALSE,FALSE,FALSE,5000,3850,5000,4137.5,-6712.465312,24,24,24,24,24,1,0,1,1
FALSE,FALSE,FALSE,FALSE,FALSE,5000,5000,3537.5,5000,-10546.125,24,24,24,24,24,0,1,0,1
FALSE,FALSE,FALSE,FALSE,FALSE,-150000,-99900,-150000,-99950,-150000,24,24,24,24,24,0,0,0,0
FALSE,FALSE,FALSE,FALSE,FALSE,5000,5000,5000,5000,-7189.282188,24,24,24,24,24,0,0,0,1
FALSE,FALSE,FALSE,FALSE,FALSE,5000,3850,5000,5000,-32902.07162,24,24,24,24,24,1,0,0,1
FALSE,FALSE,FALSE,FALSE,FALSE,5000,3850,5000,4250,2757.5,24,24,24,24,24,1,0,1,1
FALSE,FALSE,FALSE,FALSE,FALSE,5000,5000,5000,4707.5,-1327.5,24,24,24,24,24,0,0,1,1
FALSE,FALSE,FALSE,FALSE,FALSE,5000,5000,4250,4250,5000,24,24,24,24,24,0,1,1,0
FALSE,FALSE,FALSE,TRUE,FALSE,-50000,-50000,-50000,3728.875,-50000,24,24,24,3,24,0,0,0,0
FALSE,FALSE,FALSE,FALSE,FALSE,5000,5000,4250,5000,-7276.842047,24,24,24,24,24,0,1,0,1
FALSE,FALSE,FALSE,FALSE,FALSE,5000,-1327.5,4250,5000,5000,24,24,24,24,24,1,1,0,0
FALSE,FALSE,TRUE,TRUE,FALSE,-50000,-50000,3728.875,4419.459688,-47400,24,24,3,2,24,0,0,0,0
FALSE,TRUE,TRUE,FALSE,TRUE,-50000,8813.875,8716.375,-50000,4237.125,24,3,3,24,1,0,0,0,0
FALSE,FALSE,FALSE,FALSE,FALSE,5000,3850,5000,5000,-11744.69844,24,24,24,24,24,1,0,0,1
FALSE,FALSE,FALSE,FALSE,FALSE,5000,3850,4250,5000,5000,24,24,24,24,24,1,1,0,0
FALSE,FALSE,FALSE,FALSE,FALSE,5000,2757.5,4250,4250,-2365.375,24,24,24,24,24,1,1,1,1
FALSE,FALSE,FALSE,FALSE,FALSE,5000,-1327.5,5000,3850,-27798.42536,24,24,24,24,24,1,0,1,1
FALSE,FALSE,FALSE,FALSE,FALSE,5000,5000,5000,5000,-6081.125,24,24,24,24,24,0,0,0,1
FALSE,FALSE,FALSE,FALSE,FALSE,5000,5000,4250,4250,5000,24,24,24,24,24,0,1,1,0
FALSE,FALSE,FALSE,FALSE,FALSE,5000,5000,4250,5000,-20779.89023,24,24,24,24,24,0,1,0,1
FALSE,FALSE,FALSE,FALSE,FALSE,5000,3850,5000,3850,5000,24,24,24,24,24,1,0,1,0
FALSE,FALSE,FALSE,FALSE,FALSE,5000,5000,4250,4850,-19740.44036,24,24,24,24,24,0,1,1,1
FALSE,FALSE,FALSE,FALSE,FALSE,5000,3850,5000,5000,-33812.95268,24,24,24,24,24,1,0,0,1
FALSE,FALSE,FALSE,FALSE,FALSE,5000,3850,5000,3850,-1062.875,24,24,24,24,24,1,0,1,1
FALSE,FALSE,FALSE,TRUE,TRUE,-50000,-50000,-50000,2678.875,2993.68125,24,24,24,3,3,0,0,0,0
FALSE,TRUE,FALSE,FALSE,TRUE,-50000,9172.5,-50000,-50000,-35696.08233,24,2,24,24,12,0,0,0,0
FALSE,FALSE,FALSE,FALSE,FALSE,5000,5000,4250,5000,-38374.34616,24,24,24,24,24,0,1,0,1
FALSE,FALSE,FALSE,FALSE,FALSE,5000,3850,4250,3850,-5511.125,24,24,24,24,24,1,1,1,1
FALSE,FALSE,FALSE,FALSE,FALSE,5000,3850,5000,3157.5,-15778.441,24,24,24,24,24,1,0,1,1
FALSE,FALSE,FALSE,FALSE,FALSE,5000,3850,4250,4137.5,5000,24,24,24,24,24,1,1,1,0
FALSE,FALSE,TRUE,FALSE,TRUE,-50000,-50000,4203.875,-50000,2542.43125,24,24,2,24,4,0,0,0,0
FALSE,FALSE,FALSE,FALSE,FALSE,5000,3850,5000,5000,-19498.07737,24,24,24,24,24,1,0,0,1
FALSE,TRUE,FALSE,FALSE,TRUE,-50000,13278.875,-47450,-47450,-10640.81449,24,3,24,24,7,0,0,0,0
FALSE,FALSE,FALSE,FALSE,FALSE,5000,5000,4250,5000,5000,24,24,24,24,24,0,1,0,0
FALSE,FALSE,FALSE,FALSE,FALSE,5000,5000,4250,5000,-2482.40625,24,24,24,24,24,0,1,0,1
FALSE,FALSE,TRUE,TRUE,FALSE,-50000,-50000,9122.5,9550,-52194.18734,24,24,2,1,24,0,0,0,0
FALSE,FALSE,FALSE,FALSE,FALSE,5000,5000,4250,5000,-10381.12781,24,24,24,24,24,0,1,0,1
FALSE,TRUE,FALSE,FALSE,TRUE,-50000,9172.5,-50000,-50000,3986.622188,24,2,24,24,4,0,0,0,0
FALSE,FALSE,FALSE,FALSE,FALSE,5000,5000,4250,3850,-927.5,24,24,24,24,24,0,1,1,1
FALSE,FALSE,FALSE,FALSE,FALSE,5000,2757.5,5000,-1604.375,5000,24,24,24,24,24,1,0,1,0
FALSE,FALSE,FALSE,FALSE,FALSE,5000,3850,4250,5000,-25396.43042,24,24,24,24,24,1,1,0,1
FALSE,FALSE,FALSE,FALSE,FALSE,5000,5000,5000,5000,-327.5,24,24,24,24,24,0,0,0,1
FALSE,FALSE,FALSE,FALSE,FALSE,5000,3850,4250,4250,-16847.41476,24,24,24,24,24,1,1,1,1
FALSE,TRUE,TRUE,TRUE,TRUE,-50000,9172.5,3728.875,2678.875,-20389.72933,24,2,3,3,3,0,0,0,0
FALSE,FALSE,FALSE,FALSE,FALSE,5000,3850,4250,5000,4107.5,24,24,24,24,24,1,1,0,1
FALSE,FALSE,FALSE,FALSE,FALSE,5000,3850,4250,5000,-927.5,24,24,24,24,24,1,1,0,1
FALSE,FALSE,TRUE,TRUE,FALSE,-50000,-50000,8716.375,3872.5,-48500,24,24,3,2,24,0,0,0,0
FALSE,FALSE,FALSE,TRUE,TRUE,-50000,-50000,-50000,7713.875,2472.755312,24,24,24,3,4,0,0,0,0
FALSE,FALSE,FALSE,FALSE,FALSE,5000,3850,5000,4850,3430.625,24,24,24,24,24,1,0,1,1
FALSE,FALSE,FALSE,FALSE,FALSE,5000,5000,4250,-450,5000,24,24,24,24,24,0,1,1,0
FALSE,FALSE,FALSE,FALSE,TRUE,-50000,-40465,-50000,-50000,6615.205047,24,24,24,24,5,0,0,0,0
FALSE,FALSE,FALSE,FALSE,FALSE,5000,3850,5000,-5942.06875,-6081.125,24,24,24,24,24,1,0,1,1
FALSE,FALSE,FALSE,FALSE,FALSE,5000,3850,5000,4850,-19944.46432,24,24,24,24,24,1,0,1,1
FALSE,FALSE,FALSE,FALSE,FALSE,5000,3850,5000,5000,-36115.37876,24,24,24,24,24,1,0,0,1
FALSE,FALSE,FALSE,FALSE,FALSE,5000,3850,4250,5000,5000,24,24,24,24,24,1,1,0,0
FALSE,TRUE,FALSE,TRUE,TRUE,-50000,4253.875,-50000,9172.5,-7813.349851,24,2,24,2,2,0,0,0,0
FALSE,FALSE,FALSE,FALSE,FALSE,5000,3850,5000,5000,-37954.94813,24,24,24,24,24,1,0,0,1
FALSE,FALSE,FALSE,FALSE,FALSE,5000,3850,4250,4250,-20720.32764,24,24,24,24,24,1,1,1,1
FALSE,FALSE,FALSE,FALSE,FALSE,5000,5000,5000,-5846.125,5000,24,24,24,24,24,0,0,1,0
FALSE,FALSE,FALSE,FALSE,FALSE,5000,5000,5000,4250,-1542.5,24,24,24,24,24,0,0,1,1
FALSE,FALSE,FALSE,FALSE,FALSE,5000,5000,5000,3850,-6304.375,24,24,24,24,24,0,0,1,1
FALSE,FALSE,FALSE,FALSE,FALSE,5000,5000,5000,5000,-25829.97113,24,24,24,24,24,0,0,0,1
FALSE,FALSE,FALSE,FALSE,FALSE,5000,5000,4250,4850,-1327.5,24,24,24,24,24,0,1,1,1
FALSE,TRUE,TRUE,TRUE,FALSE,-50000,8813.875,3728.875,9172.5,-50000,24,3,3,2,24,0,0,0,0
FALSE,FALSE,TRUE,TRUE,TRUE,-50000,-50000,12036.55969,6046.272187,3372.59417,24,24,5,5,2,0,0,0,0
FALSE,FALSE,FALSE,FALSE,FALSE,5000,5000,5000,5000,-30221.81976,24,24,24,24,24,0,0,0,1
FALSE,TRUE,FALSE,TRUE,FALSE,-50000,9172.5,-50000,8072.5,-49965,24,2,24,2,24,0,0,0,0
FALSE,FALSE,FALSE,FALSE,FALSE,5000,3850,5000,5000,-24000.48473,24,24,24,24,24,1,0,0,1
FALSE,FALSE,FALSE,FALSE,TRUE,-50000,-50000,-45027.5,-50000,-5807.250702,24,24,24,24,13,0,0,0,0
FALSE,FALSE,FALSE,FALSE,FALSE,5000,3850,4250,5000,-15938.21352,24,24,24,24,24,1,1,0,1
FALSE,FALSE,FALSE,FALSE,FALSE,5000,-1327.5,4250,5000,-16810.99373,24,24,24,24,24,1,1,0,1
FALSE,FALSE,FALSE,FALSE,FALSE,5000,3850,5000,-450,-2826.413438,24,24,24,24,24,1,0,1,1
FALSE,FALSE,FALSE,TRUE,FALSE,-50000,-50000,-47450,8072.5,-57701.75,24,24,24,2,24,0,0,0,0
FALSE,FALSE,FALSE,FALSE,FALSE,5000,5000,4250,-450,4250,24,24,24,24,24,0,1,1,1
FALSE,FALSE,FALSE,FALSE,FALSE,5000,5000,5000,5000,5000,24,24,24,24,24,0,0,0,0
FALSE,FALSE,FALSE,FALSE,FALSE,5000,3850,4250,-1031.907188,-19977.96573,24,24,24,24,24,1,1,1,1
FALSE,TRUE,TRUE,FALSE,FALSE,-50000,4253.875,-1395.06875,-50000,-50000,24,2,4,24,24,0,0,0,0
FALSE,FALSE,FALSE,FALSE,FALSE,5000,3850,4250,4850,-10274.88919,24,24,24,24,24,1,1,1,1
FALSE,TRUE,TRUE,FALSE,FALSE,-50000,9172.5,8716.375,-50000,-47450,24,2,3,24,24,0,0,0,0
FALSE,FALSE,FALSE,FALSE,FALSE,5000,5000,4250,5000,-450,24,24,24,24,24,0,1,0,1
FALSE,FALSE,FALSE,TRUE,FALSE,-50000,-50000,-47450,8375.68125,-50015,24,24,24,4,24,0,0,0,0
FALSE,FALSE,FALSE,FALSE,FALSE,5000,3850,5000,-450,-27141.3824,24,24,24,24,24,1,0,1,1
FALSE,FALSE,FALSE,FALSE,FALSE,5000,3850,4250,3850,4850,24,24,24,24,24,1,1,1,1
FALSE,FALSE,FALSE,FALSE,FALSE,5000,5000,4250,4850,-5627.5,24,24,24,24,24,0,1,1,1
FALSE,FALSE,FALSE,FALSE,FALSE,5000,3850,5000,-592.5,-1542.5,24,24,24,24,24,1,0,1,1
FALSE,FALSE,TRUE,FALSE,FALSE,-50000,-50000,3592.43125,-50000,-47406.88629,24,24,4,24,24,0,0,0,0
FALSE,FALSE,FALSE,FALSE,FALSE,5000,5000,4250,4850,-927.5,24,24,24,24,24,0,1,1,1
FALSE,FALSE,FALSE,FALSE,FALSE,5000,5000,4250,4850,5000,24,24,24,24,24,0,1,1,0
FALSE,FALSE,FALSE,FALSE,FALSE,5000,5000,5000,3850,-23363.44478,24,24,24,24,24,0,0,1,1
FALSE,FALSE,FALSE,FALSE,FALSE,5000,-1327.5,4250,4250,-6489.15625,24,24,24,24,24,1,1,1,1
FALSE,FALSE,FALSE,FALSE,FALSE,5000,3850,4250,-670.56875,-34595.54765,24,24,24,24,24,1,1,1,1
FALSE,FALSE,FALSE,FALSE,FALSE,5000,3850,5000,4850,-17342.71583,24,24,24,24,24,1,0,1,1
FALSE,FALSE,TRUE,FALSE,TRUE,-50000,-50000,3592.43125,-50000,-34611.56376,24,24,4,24,3,0,0,0,0
FALSE,FALSE,FALSE,FALSE,FALSE,5000,3850,5000,5000,-5627.5,24,24,24,24,24,1,0,0,1
FALSE,FALSE,FALSE,FALSE,FALSE,5000,3850,5000,5000,4250,24,24,24,24,24,1,0,0,1
FALSE,FALSE,FALSE,FALSE,FALSE,5000,-1327.5,5000,-327.5,-11591.65194,24,24,24,24,24,1,0,1,1
FALSE,FALSE,FALSE,FALSE,FALSE,5000,3850,4250,5000,5000,24,24,24,24,24,1,1,0,0
FALSE,TRUE,FALSE,FALSE,FALSE,-50000,9172.5,-50000,-50000,-50000,24,2,24,24,24,0,0,0,0
FALSE,FALSE,FALSE,FALSE,FALSE,5000,5000,4250,-1327.5,-33410.63146,24,24,24,24,24,0,1,1,1
FALSE,FALSE,FALSE,FALSE,FALSE,5000,5000,4250,4250,-27222.17299,24,24,24,24,24,0,1,1,1
FALSE,FALSE,FALSE,FALSE,FALSE,5000,3850,5000,3850,-15192.87781,24,24,24,24,24,1,0,1,1
FALSE,FALSE,FALSE,FALSE,FALSE,5000,3850,4250,3850,-1542.5,24,24,24,24,24,1,1,1,1
FALSE,FALSE,FALSE,FALSE,FALSE,5000,3850,5000,4850,-19246.17247,24,24,24,24,24,1,0,1,1
FALSE,FALSE,FALSE,FALSE,FALSE,5000,5000,4250,-450,-450,24,24,24,24,24,0,1,1,1
FALSE,FALSE,FALSE,FALSE,FALSE,5000,3850,2860.625,5000,5000,24,24,24,24,24,1,1,0,0
FALSE,FALSE,FALSE,FALSE,FALSE,5000,5000,3537.5,3850,-2825.35625,24,24,24,24,24,0,1,1,1
FALSE,FALSE,FALSE,FALSE,FALSE,5000,5000,5000,4850,-10546.125,24,24,24,24,24,0,0,1,1
FALSE,FALSE,FALSE,FALSE,FALSE,5000,-1327.5,4250,5000,5000,24,24,24,24,24,1,1,0,0
FALSE,FALSE,FALSE,FALSE,FALSE,5000,5000,5000,-450,5000,24,24,24,24,24,0,0,1,0
FALSE,FALSE,FALSE,FALSE,FALSE,5000,5000,4250,4850,-10037.60705,24,24,24,24,24,0,1,1,1
FALSE,FALSE,FALSE,FALSE,FALSE,5000,5000,4250,3850,-11472.51232,24,24,24,24,24,0,1,1,1
FALSE,FALSE,FALSE,FALSE,FALSE,5000,3850,5000,5000,5000,24,24,24,24,24,1,0,0,0
FALSE,FALSE,FALSE,FALSE,FALSE,5000,5000,4250,5000,-23772.70774,24,24,24,24,24,0,1,0,1
FALSE,FALSE,FALSE,FALSE,FALSE,5000,5000,4250,5000,-26267.02057,24,24,24,24,24,0,1,0,1
FALSE,FALSE,FALSE,FALSE,FALSE,5000,3850,5000,5000,3850,24,24,24,24,24,1,0,0,1
FALSE,FALSE,TRUE,FALSE,FALSE,-50000,-50000,8716.375,-50000,-43683.5,24,24,3,24,24,0,0,0,0
FALSE,FALSE,FALSE,FALSE,FALSE,5000,3850,3537.5,5000,-30301.60384,24,24,24,24,24,1,1,0,1
FALSE,FALSE,FALSE,FALSE,TRUE,-50000,-50000,-50000,-50000,8711.209687,24,24,24,24,3,0,0,0,0
FALSE,FALSE,FALSE,FALSE,FALSE,5000,3850,5000,5000,-2418.011516,24,24,24,24,24,1,0,0,1
FALSE,TRUE,FALSE,TRUE,FALSE,-50000,8813.875,-50000,9122.5,-50265.44375,24,3,24,2,24,0,0,0,0
FALSE,FALSE,FALSE,FALSE,FALSE,5000,3850,4250,4002.125,-6686.465312,24,24,24,24,24,1,1,1,1
FALSE,FALSE,FALSE,FALSE,FALSE,5000,3850,4250,5000,4250,24,24,24,24,24,1,1,0,1
FALSE,FALSE,FALSE,FALSE,FALSE,5000,3850,4250,4250,-26087.04293,24,24,24,24,24,1,1,1,1
FALSE,FALSE,FALSE,FALSE,FALSE,5000,3850,5000,-450,-450,24,24,24,24,24,1,0,1,1
FALSE,FALSE,FALSE,FALSE,FALSE,5000,5000,5000,-450,-462.875,24,24,24,24,24,0,0,1,1
FALSE,FALSE,FALSE,FALSE,FALSE,5000,-1327.5,4250,3850,-1161.125,24,24,24,24,24,1,1,1,1
FALSE,FALSE,FALSE,FALSE,TRUE,-50000,-50000,-50000,-50000,-27854.31111,24,24,24,24,9,0,0,0,0
FALSE,TRUE,FALSE,FALSE,FALSE,-50000,9172.5,-50000,-50000,-50000,24,2,24,24,24,0,0,0,0
FALSE,FALSE,FALSE,FALSE,FALSE,5000,5000,5000,5000,-16417.46356,24,24,24,24,24,0,0,0,1
FALSE,FALSE,FALSE,FALSE,FALSE,5000,3850,5000,3850,4250,24,24,24,24,24,1,0,1,1
FALSE,FALSE,FALSE,FALSE,FALSE,5000,3850,5000,4250,-20151.20119,24,24,24,24,24,1,0,1,1
FALSE,TRUE,TRUE,TRUE,FALSE,-50000,9172.5,9122.5,9550,-47075,24,2,2,1,24,0,0,0,0
FALSE,FALSE,FALSE,FALSE,FALSE,5000,5000,4250,4850,-7308.40625,24,24,24,24,24,0,1,1,1
FALSE,FALSE,FALSE,FALSE,FALSE,5000,3850,5000,5000,-27187.52649,24,24,24,24,24,1,0,0,1
FALSE,FALSE,FALSE,FALSE,FALSE,5000,3850,3537.5,-450,-23773.28063,24,24,24,24,24,1,1,1,1
FALSE,FALSE,FALSE,FALSE,FALSE,5000,5000,5000,5000,-20046.80455,24,24,24,24,24,0,0,0,1
FALSE,FALSE,TRUE,TRUE,TRUE,-50000,-50000,3728.875,3388.18125,384.3875695,24,24,3,4,9,0,0,0,0
FALSE,FALSE,FALSE,FALSE,FALSE,5000,3850,4250,-450,5000,24,24,24,24,24,1,1,1,0
FALSE,TRUE,FALSE,TRUE,TRUE,-50000,13278.875,-50000,7414.93125,-14558.51326,24,3,24,4,5,0,0,0,0
FALSE,FALSE,FALSE,FALSE,FALSE,5000,3850,5000,5000,-15090.23889,24,24,24,24,24,1,0,0,1
FALSE,TRUE,TRUE,TRUE,FALSE,-50000,13278.875,13228.875,12178.875,-46230.18798,24,3,3,3,24,0,0,0,0
FALSE,FALSE,FALSE,FALSE,FALSE,5000,5000,5000,5000,-11429.49692,24,24,24,24,24,0,0,0,1
FALSE,FALSE,FALSE,FALSE,FALSE,5000,3850,5000,5000,-1162.5,24,24,24,24,24,1,0,0,1
FALSE,FALSE,FALSE,FALSE,FALSE,5000,3850,5000,5000,-33098.45321,24,24,24,24,24,1,0,0,1
FALSE,FALSE,FALSE,FALSE,FALSE,5000,3850,4250,5000,1076.59375,24,24,24,24,24,1,1,0,1
FALSE,FALSE,FALSE,FALSE,FALSE,5000,3850,5000,5000,-1162.5,24,24,24,24,24,1,0,0,1
FALSE,FALSE,FALSE,FALSE,FALSE,-150000,-150000,-150000,-99950,-95200,24,24,24,24,24,0,0,0,0
FALSE,TRUE,FALSE,TRUE,FALSE,-50000,9172.5,-45027.5,3872.5,-49511.75,24,2,24,2,24,0,0,0,0
FALSE,FALSE,FALSE,FALSE,FALSE,5000,5000,4250,3137.5,5000,24,24,24,24,24,0,1,1,0
FALSE,FALSE,FALSE,FALSE,FALSE,5000,-1327.5,4250,5000,5000,24,24,24,24,24,1,1,0,0
FALSE,FALSE,FALSE,FALSE,FALSE,5000,5000,4250,3850,-36178.41179,24,24,24,24,24,0,1,1,1
FALSE,FALSE,TRUE,FALSE,FALSE,-50000,-50000,13228.875,-50000,-42700,24,24,3,24,24,0,0,0,0
FALSE,FALSE,FALSE,FALSE,FALSE,5000,3850,-927.5,-1327.5,-14033.32223,24,24,24,24,24,1,1,1,1
FALSE,FALSE,FALSE,FALSE,FALSE,5000,5000,5000,4250,-450,24,24,24,24,24,0,0,1,1
FALSE,FALSE,FALSE,FALSE,FALSE,5000,3850,5000,-450,-6704.256674,24,24,24,24,24,1,0,1,1
FALSE,TRUE,TRUE,TRUE,FALSE,-50000,9172.5,3592.43125,9550,-50000,24,2,4,1,24,0,0,0,0
FALSE,FALSE,TRUE,FALSE,FALSE,5000,3850,8572.5,5000,5000,24,24,2,24,24,1,0,0,0
FALSE,FALSE,FALSE,FALSE,FALSE,5000,3850,4250,5000,-34609.39307,24,24,24,24,24,1,1,0,1
FALSE,FALSE,FALSE,FALSE,FALSE,5000,3850,4250,4707.5,-15826.72687,24,24,24,24,24,1,1,1,1
FALSE,FALSE,FALSE,FALSE,FALSE,5000,3850,4250,5000,-11911.46352,24,24,24,24,24,1,1,0,1
FALSE,FALSE,FALSE,FALSE,FALSE,5000,5000,4250,5000,-8091.166169,24,24,24,24,24,0,1,0,1
FALSE,TRUE,TRUE,FALSE,TRUE,-50000,3438.18125,3728.875,-50000,-17110.24458,24,4,3,24,15,0,0,0,0
FALSE,FALSE,FALSE,FALSE,FALSE,5000,5000,5000,5000,-20211.24336,24,24,24,24,24,0,0,0,1
FALSE,FALSE,FALSE,FALSE,FALSE,5000,3850,4250,-450,-2590.35625,24,24,24,24,24,1,1,1,1
FALSE,FALSE,FALSE,FALSE,FALSE,5000,-1327.5,4250,5000,5000,24,24,24,24,24,1,1,0,0
FALSE,FALSE,FALSE,FALSE,FALSE,5000,3850,4250,4850,-450,24,24,24,24,24,1,1,1,1
FALSE,FALSE,FALSE,FALSE,FALSE,5000,5000,4250,4250,-10640.99469,24,24,24,24,24,0,1,1,1
FALSE,TRUE,TRUE,FALSE,FALSE,-50000,12179.18469,7629.93125,-50000,-37397.8457,24,5,4,24,24,0,0,0,0
FALSE,FALSE,FALSE,TRUE,FALSE,-50000,-50000,-47450,9122.5,-47414.25,24,24,24,2,24,0,0,0,0
FALSE,FALSE,FALSE,FALSE,FALSE,5000,5000,5000,4850,3757.5,24,24,24,24,24,0,0,1,1
FALSE,FALSE,FALSE,FALSE,FALSE,5000,3850,2860.625,3850,-11661.80455,24,24,24,24,24,1,1,1,1
FALSE,FALSE,FALSE,FALSE,FALSE,5000,5000,5000,3850,-11338.06875,24,24,24,24,24,0,0,1,1
FALSE,FALSE,FALSE,FALSE,FALSE,5000,5000,5000,-450,-5627.5,24,24,24,24,24,0,0,1,1
FALSE,FALSE,FALSE,FALSE,FALSE,5000,-3351.35625,5000,5000,-5846.125,24,24,24,24,24,1,0,0,1
FALSE,FALSE,FALSE,TRUE,TRUE,-50000,-50000,-50000,9172.5,-13225.87709,24,24,24,2,3,0,0,0,0
FALSE,FALSE,FALSE,FALSE,FALSE,5000,5000,3537.5,4250,5000,24,24,24,24,24,0,1,1,0
FALSE,FALSE,FALSE,FALSE,FALSE,5000,3850,4250,-450,-30602.81434,24,24,24,24,24,1,1,1,1
FALSE,FALSE,FALSE,FALSE,FALSE,5000,3850,4250,5000,-211.125,24,24,24,24,24,1,1,0,1
FALSE,TRUE,FALSE,TRUE,FALSE,-50000,9172.5,-50000,-1046.125,-47434.24187,24,2,24,2,24,0,0,0,0
FALSE,FALSE,FALSE,FALSE,FALSE,5000,3850,5000,3757.5,5000,24,24,24,24,24,1,0,1,0
FALSE,TRUE,TRUE,FALSE,FALSE,-50000,9172.5,9122.5,-50000,-50000,24,2,2,24,24,0,0,0,0
FALSE,FALSE,FALSE,FALSE,FALSE,5000,3850,5000,1719.625,-2200.375,24,24,24,24,24,1,0,1,1
FALSE,TRUE,TRUE,FALSE,FALSE,-50000,13278.875,13228.875,-50000,-50000,24,3,3,24,24,0,0,0,0
FALSE,TRUE,FALSE,FALSE,TRUE,-50000,9172.5,-50000,-50000,-10993.56445,24,2,24,24,2,0,0,0,0
FALSE,FALSE,FALSE,FALSE,FALSE,5000,3850,4250,5000,-23996.35813,24,24,24,24,24,1,1,0,1
FALSE,FALSE,FALSE,FALSE,FALSE,5000,3850,4250,-5846.125,-16093.08156,24,24,24,24,24,1,1,1,1
FALSE,FALSE,FALSE,FALSE,FALSE,5000,3850,5000,5000,5000,24,24,24,24,24,1,0,0,0
FALSE,FALSE,FALSE,FALSE,FALSE,5000,5000,5000,3850,-11567.66971,24,24,24,24,24,0,0,1,1
FALSE,FALSE,FALSE,FALSE,FALSE,5000,5000,4250,4850,5000,24,24,24,24,24,0,1,1,0
FALSE,FALSE,FALSE,FALSE,FALSE,5000,3850,5000,4250,3850,24,24,24,24,24,1,0,1,1
FALSE,FALSE,FALSE,FALSE,FALSE,5000,3850,4250,-450,5000,24,24,24,24,24,1,1,1,0
FALSE,FALSE,FALSE,TRUE,FALSE,-50000,-50000,-50000,7629.93125,-40465,24,24,24,4,24,0,0,0,0
FALSE,FALSE,FALSE,FALSE,FALSE,5000,5000,4250,5000,-46356.62366,24,24,24,24,24,0,1,0,1
FALSE,FALSE,FALSE,FALSE,FALSE,5000,5000,4250,4250,-8979.286811,24,24,24,24,24,0,1,1,1
FALSE,FALSE,FALSE,FALSE,FALSE,5000,5000,5000,4250,-25169.22166,24,24,24,24,24,0,0,1,1
FALSE,FALSE,FALSE,FALSE,FALSE,5000,-1327.5,5000,-450,5000,24,24,24,24,24,1,0,1,0
FALSE,FALSE,FALSE,FALSE,TRUE,-50000,-50000,-50000,-50000,-5778.811282,24,24,24,24,7,0,0,0,0
FALSE,FALSE,FALSE,FALSE,FALSE,5000,3850,4250,5000,-16620.76405,24,24,24,24,24,1,1,0,1
FALSE,FALSE,FALSE,FALSE,FALSE,5000,3850,4250,5000,-10753.81875,24,24,24,24,24,1,1,0,1
FALSE,FALSE,FALSE,FALSE,FALSE,5000,3850,4250,4250,-32263.14483,24,24,24,24,24,1,1,1,1
FALSE,FALSE,FALSE,FALSE,FALSE,5000,5000,4250,5000,-450,24,24,24,24,24,0,1,0,1
FALSE,FALSE,FALSE,FALSE,FALSE,5000,5000,4250,5000,-5735.56875,24,24,24,24,24,0,1,0,1
FALSE,FALSE,TRUE,TRUE,FALSE,-50000,-50000,8716.375,3872.5,-44980,24,24,3,2,24,0,0,0,0
FALSE,FALSE,FALSE,FALSE,FALSE,5000,5000,5000,4850,5000,24,24,24,24,24,0,0,1,0
FALSE,FALSE,FALSE,FALSE,FALSE,5000,3850,5000,4850,-23896.09286,24,24,24,24,24,1,0,1,1
FALSE,TRUE,TRUE,FALSE,FALSE,-50000,13278.875,13228.875,-50000,-37976.125,24,3,3,24,24,0,0,0,0
FALSE,FALSE,FALSE,FALSE,FALSE,5000,3850,4250,5000,5000,24,24,24,24,24,1,1,0,0
FALSE,FALSE,FALSE,FALSE,FALSE,5000,3850,4250,5000,4850,24,24,24,24,24,1,1,0,1
FALSE,FALSE,FALSE,FALSE,FALSE,5000,5000,5000,-450,-13131.66793,24,24,24,24,24,0,0,1,1
FALSE,FALSE,FALSE,FALSE,FALSE,5000,-1327.5,4250,-450,-592.5,24,24,24,24,24,1,1,1,1
FALSE,FALSE,FALSE,FALSE,FALSE,5000,5000,4250,4250,5000,24,24,24,24,24,0,1,1,0
FALSE,FALSE,FALSE,FALSE,FALSE,5000,3850,4250,4707.5,-1162.5,24,24,24,24,24,1,1,1,1
FALSE,FALSE,FALSE,FALSE,FALSE,5000,3850,4250,-450,-450,24,24,24,24,24,1,1,1,1
FALSE,FALSE,FALSE,FALSE,FALSE,5000,3850,4250,4250,-20372.60705,24,24,24,24,24,1,1,1,1
FALSE,TRUE,TRUE,FALSE,FALSE,-50000,9172.5,9122.5,-46025,-48661.25,24,2,2,24,24,0,0,0,0
FALSE,TRUE,FALSE,TRUE,TRUE,-50000,8813.875,-50000,3872.5,-15954.45353,24,3,24,2,3,0,0,0,0
FALSE,FALSE,FALSE,FALSE,FALSE,5000,5000,5000,5000,-23154.17059,24,24,24,24,24,0,0,0,1
FALSE,FALSE,FALSE,FALSE,FALSE,5000,3850,4250,5000,-27900.45446,24,24,24,24,24,1,1,0,1
FALSE,FALSE,FALSE,FALSE,FALSE,5000,3850,5000,4137.5,-18918.96129,24,24,24,24,24,1,0,1,1
FALSE,FALSE,TRUE,TRUE,TRUE,-50000,-50000,-1275.315313,-1521.125,8457.5,24,24,5,3,1,0,0,0,0
FALSE,TRUE,FALSE,FALSE,FALSE,-50000,13278.875,-50000,-50000,-50000,24,3,24,24,24,0,0,0,0
FALSE,TRUE,FALSE,FALSE,TRUE,-50000,9172.5,-50000,-50000,9550,24,2,24,24,1,0,0,0,0
FALSE,FALSE,FALSE,FALSE,FALSE,5000,3850,5000,4250,-47261.79414,24,24,24,24,24,1,0,1,1
FALSE,FALSE,FALSE,FALSE,FALSE,5000,3850,5000,5000,-44789.6617,24,24,24,24,24,1,0,0,1
FALSE,FALSE,FALSE,FALSE,FALSE,5000,3850,5000,5000,-5511.125,24,24,24,24,24,1,0,0,1
FALSE,FALSE,FALSE,FALSE,FALSE,5000,5000,4250,4250,5000,24,24,24,24,24,0,1,1,0
FALSE,FALSE,FALSE,FALSE,FALSE,5000,-1327.5,5000,5000,-10546.125,24,24,24,24,24,1,0,0,1
FALSE,FALSE,TRUE,TRUE,FALSE,-50000,-50000,3462.809687,3872.5,-46030,24,24,5,2,24,0,0,0,0
FALSE,FALSE,FALSE,FALSE,FALSE,5000,5000,4250,4250,-18597.94154,24,24,24,24,24,0,1,1,1
FALSE,FALSE,FALSE,FALSE,FALSE,5000,3850,4250,4850,5000,24,24,24,24,24,1,1,1,0
FALSE,TRUE,FALSE,TRUE,FALSE,-50000,13278.875,-45027.5,11614.93125,-35954.66076,24,3,24,4,24,0,0,0,0
FALSE,FALSE,FALSE,FALSE,FALSE,5000,5000,5000,3850,-32257.71986,24,24,24,24,24,0,0,1,1
FALSE,FALSE,FALSE,FALSE,FALSE,-50000,-50000,-50000,-50000,-50734.45,24,24,24,24,24,0,0,0,0
FALSE,TRUE,FALSE,FALSE,TRUE,-50000,9172.5,-50000,-50000,3695.625,24,2,24,24,1,0,0,0,0
FALSE,FALSE,FALSE,FALSE,FALSE,5000,5000,4250,3850,5000,24,24,24,24,24,0,1,1,0
FALSE,FALSE,FALSE,FALSE,FALSE,5000,5000,4250,4850,5000,24,24,24,24,24,0,1,1,0
FALSE,FALSE,FALSE,FALSE,FALSE,5000,3850,3537.5,5000,-11452.37602,24,24,24,24,24,1,1,0,1
FALSE,FALSE,FALSE,FALSE,FALSE,5000,5000,5000,4850,-15502.71705,24,24,24,24,24,0,0,1,1
FALSE,FALSE,FALSE,FALSE,FALSE,5000,5000,5000,-1162.5,-26668.91977,24,24,24,24,24,0,0,1,1
FALSE,FALSE,FALSE,FALSE,FALSE,5000,5000,4250,-5627.5,-7286.769547,24,24,24,24,24,0,1,1,1
FALSE,FALSE,FALSE,FALSE,FALSE,5000,3850,5000,4850,-450,24,24,24,24,24,1,0,1,1
FALSE,FALSE,FALSE,FALSE,FALSE,5000,5000,4250,3850,-6711.907188,24,24,24,24,24,0,1,1,1
FALSE,FALSE,TRUE,TRUE,TRUE,-50000,-50000,3728.875,3728.875,-11619.8015,24,24,3,3,8,0,0,0,0
FALSE,TRUE,FALSE,FALSE,FALSE,-50000,9172.5,-50000,-50000,-50000,24,2,24,24,24,0,0,0,0
FALSE,TRUE,TRUE,TRUE,FALSE,-50000,13278.875,13228.875,12617.43125,-46077.5,24,3,3,4,24,0,0,0,0
FALSE,TRUE,FALSE,TRUE,TRUE,-50000,9172.5,-50000,9172.5,-1886.165312,24,2,24,2,1,0,0,0,0
FALSE,FALSE,FALSE,FALSE,FALSE,5000,5000,5000,-450,4850,24,24,24,24,24,0,0,1,1
FALSE,FALSE,FALSE,FALSE,FALSE,5000,5000,3537.5,-450,-6724.15625,24,24,24,24,24,0,1,1,1
FALSE,FALSE,FALSE,FALSE,FALSE,5000,3850,4250,4850,-15489.54983,24,24,24,24,24,1,1,1,1
FALSE,FALSE,FALSE,FALSE,FALSE,5000,5000,5000,4850,5000,24,24,24,24,24,0,0,1,0
FALSE,FALSE,FALSE,FALSE,FALSE,5000,3850,5000,5000,-29888.18903,24,24,24,24,24,1,0,0,1
FALSE,FALSE,FALSE,FALSE,FALSE,5000,5000,4250,4250,-32578.61347,24,24,24,24,24,0,1,1,1
FALSE,TRUE,FALSE,FALSE,TRUE,-50000,3778.875,-50000,-50000,-32263.73795,24,3,24,24,1,0,0,0,0
FALSE,FALSE,FALSE,FALSE,FALSE,5000,3850,4250,5000,-35786.6895,24,24,24,24,24,1,1,0,1
FALSE,FALSE,FALSE,FALSE,FALSE,5000,3850,5000,5000,-27786.43352,24,24,24,24,24,1,0,0,1
FALSE,FALSE,FALSE,FALSE,FALSE,5000,-2365.375,4250,5000,-16255.82222,24,24,24,24,24,1,1,0,1
FALSE,FALSE,FALSE,FALSE,TRUE,-50000,-50000,-50000,-48500,4488.875,24,24,24,24,1,0,0,0,0
FALSE,FALSE,FALSE,FALSE,FALSE,5000,3850,4250,5000,-10753.81875,24,24,24,24,24,1,1,0,1
FALSE,FALSE,FALSE,FALSE,FALSE,5000,3850,5000,4250,5000,24,24,24,24,24,1,0,1,0
FALSE,FALSE,FALSE,FALSE,FALSE,5000,5000,5000,5000,5000,24,24,24,24,24,0,0,0,0
FALSE,FALSE,FALSE,FALSE,FALSE,5000,5000,5000,5000,-15340.99469,24,24,24,24,24,0,0,0,1
FALSE,FALSE,FALSE,FALSE,FALSE,5000,5000,4250,5000,5000,24,24,24,24,24,0,1,0,0
FALSE,FALSE,FALSE,FALSE,FALSE,5000,5000,-927.5,5000,5000,24,24,24,24,24,0,1,0,0
FALSE,FALSE,FALSE,FALSE,FALSE,5000,5000,5000,-450,-450,24,24,24,24,24,0,0,1,1
FALSE,FALSE,FALSE,FALSE,FALSE,5000,3850,4250,5000,-33467.47561,24,24,24,24,24,1,1,0,1
FALSE,TRUE,FALSE,TRUE,FALSE,-50000,9172.5,-50000,-2445.06875,-44977.5,24,2,24,4,24,0,0,0,0
FALSE,FALSE,FALSE,FALSE,FALSE,5000,3850,5000,5000,-1565.540312,24,24,24,24,24,1,0,0,1
FALSE,FALSE,FALSE,FALSE,FALSE,5000,5000,4250,4250,-33533.95934,24,24,24,24,24,0,1,1,1
FALSE,TRUE,FALSE,FALSE,FALSE,-50000,8813.875,-50000,-50000,-55265,24,3,24,24,24,0,0,0,0
FALSE,FALSE,FALSE,FALSE,FALSE,5000,-1327.5,3537.5,5000,3850,24,24,24,24,24,1,1,0,1
FALSE,FALSE,FALSE,FALSE,TRUE,-50000,-50000,-50000,-50000,-7314.071343,24,24,24,24,1,0,0,0,0
FALSE,TRUE,FALSE,FALSE,TRUE,-50000,8813.875,-50000,-50000,-943.81875,24,3,24,24,3,0,0,0,0
FALSE,FALSE,FALSE,FALSE,FALSE,5000,5000,5000,4250,-9922.877812,24,24,24,24,24,0,0,1,1
FALSE,FALSE,FALSE,FALSE,FALSE,5000,3850,5000,3707.5,-24658.72729,24,24,24,24,24,1,0,1,1
FALSE,FALSE,FALSE,FALSE,FALSE,5000,3850,5000,5000,5000,24,24,24,24,24,1,0,0,0
FALSE,FALSE,FALSE,FALSE,FALSE,5000,5000,4250,3850,-2003.06875,24,24,24,24,24,0,1,1,1
FALSE,FALSE,FALSE,FALSE,FALSE,5000,5000,5000,5000,-15591.97121,24,24,24,24,24,0,0,0,1
FALSE,TRUE,FALSE,FALSE,FALSE,-50000,13278.875,-50000,-50000,-45765,24,3,24,24,24,0,0,0,0
FALSE,FALSE,FALSE,FALSE,FALSE,5000,3850,4250,4707.5,-13861.04219,24,24,24,24,24,1,1,1,1
FALSE,FALSE,TRUE,TRUE,TRUE,-50000,-50000,8716.375,8072.5,-11028.38993,24,24,3,2,1,0,0,0,0
FALSE,FALSE,FALSE,FALSE,FALSE,5000,3850,5000,-327.5,-16886.60176,24,24,24,24,24,1,0,1,1
FALSE,FALSE,FALSE,FALSE,FALSE,5000,3850,4250,5000,1636.14375,24,24,24,24,24,1,1,0,1
FALSE,FALSE,FALSE,FALSE,FALSE,5000,5000,5000,5000,4250,24,24,24,24,24,0,0,0,1
FALSE,FALSE,FALSE,FALSE,FALSE,5000,5000,4250,5000,-27571.96417,24,24,24,24,24,0,1,0,1
FALSE,TRUE,TRUE,FALSE,FALSE,-50000,9172.5,9122.5,-50000,-41166.6493,24,2,2,24,24,0,0,0,0
FALSE,FALSE,FALSE,FALSE,FALSE,5000,5000,4250,5000,-32447.47627,24,24,24,24,24,0,1,0,1
FALSE,FALSE,FALSE,FALSE,FALSE,5000,2757.5,5000,5000,-15006.73392,24,24,24,24,24,1,0,0,1
FALSE,FALSE,FALSE,FALSE,FALSE,5000,5000,5000,5000,-592.5,24,24,24,24,24,0,0,0,1
FALSE,FALSE,FALSE,FALSE,FALSE,5000,5000,4250,-450,5000,24,24,24,24,24,0,1,1,0
FALSE,FALSE,FALSE,FALSE,FALSE,5000,5000,4250,5000,-450,24,24,24,24,24,0,1,0,1
FALSE,FALSE,FALSE,FALSE,FALSE,5000,5000,4250,5000,5000,24,24,24,24,24,0,1,0,0
FALSE,FALSE,FALSE,FALSE,FALSE,5000,5000,5000,3850,-32232.37605,24,24,24,24,24,0,0,1,1
FALSE,FALSE,FALSE,FALSE,FALSE,5000,3850,-1381.125,5000,-450,24,24,24,24,24,1,1,0,1
FALSE,TRUE,FALSE,FALSE,FALSE,-50000,8813.875,-50000,-47450,-47400,24,3,24,24,24,0,0,0,0
FALSE,FALSE,TRUE,TRUE,FALSE,-50000,-50000,3728.875,3728.875,-47400,24,24,3,3,24,0,0,0,0
FALSE,FALSE,FALSE,FALSE,FALSE,-50000,-50000,-50000,-50000,-49711.25,24,24,24,24,24,0,0,0,0
FALSE,FALSE,FALSE,FALSE,FALSE,5000,5000,4250,5000,-38986.8827,24,24,24,24,24,0,1,0,1
FALSE,FALSE,FALSE,FALSE,FALSE,5000,3850,4250,5000,-23337.14723,24,24,24,24,24,1,1,0,1
FALSE,FALSE,FALSE,FALSE,FALSE,5000,5000,5000,3850,-25280.4485,24,24,24,24,24,0,0,1,1
FALSE,FALSE,FALSE,FALSE,FALSE,5000,3850,4250,5000,3157.5,24,24,24,24,24,1,1,0,1
FALSE,FALSE,FALSE,FALSE,FALSE,5000,-1327.5,4250,5000,5000,24,24,24,24,24,1,1,0,0
FALSE,FALSE,FALSE,FALSE,FALSE,5000,3850,4250,4250,-8534.263391,24,24,24,24,24,1,1,1,1
FALSE,FALSE,FALSE,FALSE,FALSE,5000,-1327.5,5000,4250,-927.5,24,24,24,24,24,1,0,1,1
FALSE,FALSE,TRUE,TRUE,FALSE,-50000,-50000,8104.93125,13513.875,-43463.625,24,24,4,3,24,0,0,0,0
FALSE,TRUE,TRUE,FALSE,TRUE,-50000,9172.5,-1395.06875,-50000,-13268.65534,24,2,4,24,2,0,0,0,0
FALSE,FALSE,FALSE,FALSE,FALSE,5000,5000,4250,2757.5,5000,24,24,24,24,24,0,1,1,0
FALSE,FALSE,FALSE,FALSE,FALSE,5000,5000,5000,5000,-3360.005266,24,24,24,24,24,0,0,0,1
FALSE,TRUE,TRUE,FALSE,FALSE,-50000,9172.5,3592.43125,-50000,-50000,24,2,4,24,24,0,0,0,0
FALSE,FALSE,FALSE,FALSE,FALSE,-50000,-50000,-50000,-50000,-52666.75,24,24,24,24,24,0,0,0,0
FALSE,FALSE,FALSE,FALSE,FALSE,5000,3850,5000,4850,-37250.67356,24,24,24,24,24,1,0,1,1
FALSE,FALSE,FALSE,FALSE,FALSE,5000,2757.5,5000,4850,5000,24,24,24,24,24,1,0,1,0
FALSE,FALSE,FALSE,FALSE,FALSE,5000,3850,4250,5000,3537.5,24,24,24,24,24,1,1,0,1
FALSE,FALSE,FALSE,FALSE,FALSE,5000,5000,4250,5000,-14847.60293,24,24,24,24,24,0,1,0,1
FALSE,FALSE,FALSE,FALSE,FALSE,5000,3850,3537.5,-450,-450,24,24,24,24,24,1,1,1,1
FALSE,FALSE,FALSE,FALSE,FALSE,5000,5000,5000,5000,-20372.60705,24,24,24,24,24,0,0,0,1
FALSE,FALSE,FALSE,FALSE,FALSE,5000,-1327.5,4250,5000,-1191.48125,24,24,24,24,24,1,1,0,1
FALSE,FALSE,FALSE,FALSE,FALSE,5000,5000,4250,5000,4137.5,24,24,24,24,24,0,1,0,1
FALSE,FALSE,FALSE,FALSE,FALSE,5000,3850,4250,-5974.73125,-7072.250937,24,24,24,24,24,1,1,1,1
FALSE,FALSE,FALSE,FALSE,FALSE,5000,-1327.5,4250,3850,5000,24,24,24,24,24,1,1,1,0
FALSE,FALSE,FALSE,FALSE,FALSE,5000,5000,5000,5000,-10977.06875,24,24,24,24,24,0,0,0,1
FALSE,FALSE,FALSE,FALSE,FALSE,5000,5000,4250,4250,-1677.875,24,24,24,24,24,0,1,1,1
FALSE,FALSE,FALSE,FALSE,FALSE,5000,5000,5000,-450,4850,24,24,24,24,24,0,0,1,1
FALSE,FALSE,FALSE,FALSE,FALSE,5000,5000,4250,-450,4250,24,24,24,24,24,0,1,1,1
FALSE,FALSE,FALSE,FALSE,FALSE,5000,5000,4250,-450,-6431.054547,24,24,24,24,24,0,1,1,1
FALSE,FALSE,FALSE,FALSE,FALSE,5000,5000,5000,4850,-15000.84471,24,24,24,24,24,0,0,1,1
FALSE,FALSE,FALSE,FALSE,FALSE,5000,2757.5,5000,4250,-6638.06875,24,24,24,24,24,1,0,1,1
FALSE,FALSE,FALSE,FALSE,FALSE,5000,3850,2860.625,5000,-12984.38231,24,24,24,24,24,1,1,0,1
FALSE,FALSE,FALSE,FALSE,FALSE,5000,3850,5000,4250,-11587.94844,24,24,24,24,24,1,0,1,1
FALSE,FALSE,FALSE,FALSE,FALSE,5000,5000,5000,5000,-450,24,24,24,24,24,0,0,0,1
FALSE,FALSE,FALSE,FALSE,FALSE,5000,3850,5000,5000,3850,24,24,24,24,24,1,0,0,1
FALSE,FALSE,FALSE,FALSE,FALSE,5000,3850,4250,4250,-11228.4383,24,24,24,24,24,1,1,1,1
FALSE,FALSE,FALSE,FALSE,FALSE,5000,3850,5000,-450,-1327.5,24,24,24,24,24,1,0,1,1
FALSE,FALSE,FALSE,FALSE,FALSE,5000,3850,3537.5,5000,-10546.125,24,24,24,24,24,1,1,0,1
FALSE,FALSE,FALSE,FALSE,FALSE,5000,5000,4250,-5627.5,-592.5,24,24,24,24,24,0,1,1,1
FALSE,FALSE,FALSE,FALSE,FALSE,5000,5000,5000,-450,3850,24,24,24,24,24,0,0,1,1
FALSE,FALSE,FALSE,FALSE,FALSE,5000,5000,5000,-450,-450,24,24,24,24,24,0,0,1,1
FALSE,FALSE,FALSE,FALSE,FALSE,5000,3850,3537.5,4250,5000,24,24,24,24,24,1,1,1,0
FALSE,TRUE,TRUE,TRUE,TRUE,-50000,8134.625,9122.5,9172.5,-22230.92481,24,2,2,2,1,0,0,0,0
FALSE,FALSE,FALSE,FALSE,FALSE,5000,5000,4250,3850,-15218.81875,24,24,24,24,24,0,1,1,1
FALSE,FALSE,FALSE,FALSE,FALSE,5000,5000,4250,4250,-15218.81875,24,24,24,24,24,0,1,1,1
FALSE,FALSE,FALSE,FALSE,FALSE,5000,5000,5000,5000,5000,24,24,24,24,24,0,0,0,0
FALSE,FALSE,FALSE,FALSE,FALSE,5000,3850,5000,3850,5000,24,24,24,24,24,1,0,1,0
FALSE,FALSE,FALSE,FALSE,FALSE,5000,5000,4250,3850,2541.01875,24,24,24,24,24,0,1,1,1
FALSE,TRUE,TRUE,FALSE,FALSE,-50000,9172.5,9122.5,-47450,-50000,24,2,2,24,24,0,0,0,0
FALSE,FALSE,FALSE,FALSE,FALSE,5000,3850,4250,5000,-11338.06875,24,24,24,24,24,1,1,0,1
FALSE,FALSE,FALSE,FALSE,FALSE,5000,5000,4250,5000,5000,24,24,24,24,24,0,1,0,0
FALSE,FALSE,FALSE,FALSE,FALSE,5000,5000,4250,5000,-15245.89642,24,24,24,24,24,0,1,0,1
FALSE,FALSE,FALSE,FALSE,FALSE,5000,3850,4250,-450,-21716.70481,24,24,24,24,24,1,1,1,1
FALSE,FALSE,FALSE,FALSE,FALSE,5000,3850,3537.5,5000,-22800.34149,24,24,24,24,24,1,1,0,1
FALSE,FALSE,FALSE,FALSE,FALSE,5000,3850,5000,4850,4707.5,24,24,24,24,24,1,0,1,1
FALSE,FALSE,FALSE,FALSE,FALSE,5000,3850,5000,5000,3137.5,24,24,24,24,24,1,0,0,1
FALSE,TRUE,FALSE,FALSE,FALSE,-50000,9172.5,-50000,-50000,-56403.16065,24,2,24,24,24,0,0,0,0
FALSE,FALSE,FALSE,FALSE,FALSE,5000,3850,4250,5000,-26267.17217,24,24,24,24,24,1,1,0,1
FALSE,FALSE,FALSE,FALSE,FALSE,5000,5000,5000,5000,-8201.261516,24,24,24,24,24,0,0,0,1
FALSE,FALSE,FALSE,FALSE,FALSE,5000,3850,4250,-927.5,-7471.296516,24,24,24,24,24,1,1,1,1
FALSE,FALSE,FALSE,FALSE,FALSE,5000,5000,4250,5000,-7031.127812,24,24,24,24,24,0,1,0,1
FALSE,FALSE,FALSE,FALSE,FALSE,5000,-1327.5,4250,5000,-18886.54939,24,24,24,24,24,1,1,0,1
FALSE,FALSE,FALSE,FALSE,FALSE,5000,3850,3537.5,4850,-9813.790313,24,24,24,24,24,1,1,1,1
FALSE,FALSE,FALSE,FALSE,FALSE,5000,3850,4250,-5246.125,3157.5,24,24,24,24,24,1,1,1,1
FALSE,FALSE,FALSE,FALSE,FALSE,5000,5000,4250,-1327.5,5000,24,24,24,24,24,0,1,1,0
FALSE,FALSE,FALSE,FALSE,FALSE,-50000,-50000,-50000,-50000,-50000,24,24,24,24,24,0,0,0,0
FALSE,FALSE,FALSE,FALSE,FALSE,5000,3850,4250,5000,-11947.76955,24,24,24,24,24,1,1,0,1
FALSE,FALSE,FALSE,FALSE,FALSE,5000,-1327.5,4250,5000,-2926.332188,24,24,24,24,24,1,1,0,1
FALSE,FALSE,FALSE,FALSE,FALSE,5000,3850,4250,5000,-28010.97172,24,24,24,24,24,1,1,0,1
FALSE,FALSE,FALSE,FALSE,FALSE,5000,5000,5000,5000,-13171.00082,24,24,24,24,24,0,0,0,1
FALSE,FALSE,FALSE,FALSE,FALSE,5000,3850,4250,5000,-1542.5,24,24,24,24,24,1,1,0,1
FALSE,TRUE,FALSE,TRUE,FALSE,-50000,13278.875,-50000,8556.18125,-42633.5,24,3,24,3,24,0,0,0,0
FALSE,FALSE,FALSE,FALSE,FALSE,5000,5000,4250,3850,-11625.26638,24,24,24,24,24,0,1,1,1
FALSE,FALSE,FALSE,FALSE,FALSE,5000,3850,4250,4250,-28633.72994,24,24,24,24,24,1,1,1,1
FALSE,FALSE,FALSE,FALSE,FALSE,5000,3850,4250,5000,5000,24,24,24,24,24,1,1,0,0
FALSE,FALSE,FALSE,FALSE,FALSE,5000,5000,4250,5000,-20547.72589,24,24,24,24,24,0,1,0,1
FALSE,FALSE,FALSE,FALSE,FALSE,5000,3850,4250,3850,-18302.14723,24,24,24,24,24,1,1,1,1
FALSE,FALSE,FALSE,FALSE,FALSE,5000,3850,5000,5000,3537.5,24,24,24,24,24,1,0,0,1
FALSE,FALSE,FALSE,FALSE,FALSE,5000,5000,5000,3850,-34673.06952,24,24,24,24,24,0,0,1,1
FALSE,FALSE,FALSE,FALSE,FALSE,-50000,-50000,-50000,-50000,-27488.63498,24,24,24,24,24,0,0,0,0
FALSE,TRUE,TRUE,TRUE,FALSE,-50000,8134.625,-468.81875,3778.875,-47400,24,2,2,3,24,0,0,0,0
FALSE,FALSE,FALSE,FALSE,FALSE,5000,-1327.5,4250,5000,-11212.72589,24,24,24,24,24,1,1,0,1
FALSE,TRUE,TRUE,TRUE,FALSE,-50000,9172.5,9122.5,9172.5,-50015,24,2,2,2,24,0,0,0,0
FALSE,FALSE,FALSE,FALSE,FALSE,5000,3850,-927.5,4250,-7253.06875,24,24,24,24,24,1,1,1,1
FALSE,FALSE,FALSE,FALSE,FALSE,5000,3850,4250,5000,5000,24,24,24,24,24,1,1,0,0
FALSE,FALSE,FALSE,FALSE,FALSE,5000,3850,4250,-1327.5,4250,24,24,24,24,24,1,1,1,1
FALSE,FALSE,FALSE,FALSE,FALSE,5000,5000,5000,-450,-46205.61222,24,24,24,24,24,0,0,1,1
FALSE,TRUE,FALSE,TRUE,FALSE,-50000,8813.875,-50000,9122.5,-50000,24,3,24,2,24,0,0,0,0
FALSE,FALSE,TRUE,TRUE,FALSE,-50000,-50000,7263.403437,11669.93125,-47400,24,24,5,4,24,0,0,0,0
FALSE,FALSE,FALSE,FALSE,FALSE,5000,5000,5000,5000,-17726.20805,24,24,24,24,24,0,0,0,1
FALSE,FALSE,FALSE,FALSE,FALSE,5000,5000,3537.5,5000,-46711.16869,24,24,24,24,24,0,1,0,1
FALSE,FALSE,FALSE,FALSE,FALSE,5000,3850,4250,5000,5000,24,24,24,24,24,1,1,0,0
FALSE,FALSE,FALSE,FALSE,FALSE,5000,5000,4250,5000,-6246.125,24,24,24,24,24,0,1,0,1
FALSE,FALSE,FALSE,FALSE,FALSE,5000,3850,5000,5000,5000,24,24,24,24,24,1,0,0,0
FALSE,FALSE,FALSE,FALSE,FALSE,5000,3850,5000,5000,-2804.15625,24,24,24,24,24,1,0,0,1
FALSE,FALSE,FALSE,FALSE,FALSE,5000,5000,5000,3850,-39520.03928,24,24,24,24,24,0,0,1,1
FALSE,FALSE,FALSE,FALSE,FALSE,5000,3850,4250,5000,-9298.233922,24,24,24,24,24,1,1,0,1
FALSE,FALSE,FALSE,FALSE,FALSE,5000,-1327.5,4250,3850,-15239.28623,24,24,24,24,24,1,1,1,1
FALSE,FALSE,FALSE,FALSE,FALSE,5000,3850,5000,3850,-16861.01339,24,24,24,24,24,1,0,1,1
FALSE,FALSE,FALSE,FALSE,FALSE,5000,2757.5,4250,4850,-16643.67688,24,24,24,24,24,1,1,1,1
FALSE,TRUE,FALSE,TRUE,TRUE,-50000,9172.5,-50000,2678.875,4203.875,24,2,24,3,2,0,0,0,0
FALSE,FALSE,FALSE,FALSE,FALSE,5000,5000,5000,4850,-450,24,24,24,24,24,0,0,1,1
FALSE,FALSE,FALSE,FALSE,FALSE,5000,3850,5000,-450,-25266.89215,24,24,24,24,24,1,0,1,1
FALSE,FALSE,FALSE,FALSE,FALSE,5000,3850,5000,3850,-27448.13445,24,24,24,24,24,1,0,1,1
FALSE,FALSE,FALSE,FALSE,FALSE,5000,5000,2860.625,5000,-23711.79132,24,24,24,24,24,0,1,0,1
FALSE,FALSE,FALSE,FALSE,FALSE,5000,3850,3537.5,4850,-19729.52223,24,24,24,24,24,1,1,1,1
FALSE,FALSE,FALSE,FALSE,FALSE,5000,5000,4250,4250,-29176.98801,24,24,24,24,24,0,1,1,1
FALSE,FALSE,FALSE,FALSE,FALSE,5000,3850,4250,5000,-5627.5,24,24,24,24,24,1,1,0,1
FALSE,FALSE,FALSE,FALSE,FALSE,5000,3850,4250,5000,-28018.46382,24,24,24,24,24,1,1,0,1
FALSE,FALSE,FALSE,FALSE,FALSE,5000,5000,4250,5000,-10753.81875,24,24,24,24,24,0,1,0,1
FALSE,TRUE,FALSE,FALSE,TRUE,-50000,9172.5,-50000,-50000,1424.613484,24,2,24,24,1,0,0,0,0
FALSE,FALSE,FALSE,FALSE,FALSE,5000,3850,5000,-1327.5,-7238.638391,24,24,24,24,24,1,0,1,1
FALSE,FALSE,FALSE,FALSE,FALSE,5000,5000,5000,-450,-16155.50094,24,24,24,24,24,0,0,1,1
FALSE,FALSE,FALSE,FALSE,FALSE,5000,3850,4250,5000,5000,24,24,24,24,24,1,1,0,0
FALSE,FALSE,FALSE,FALSE,FALSE,5000,5000,3537.5,-1542.5,-14234.71489,24,24,24,24,24,0,1,1,1
FALSE,FALSE,FALSE,FALSE,FALSE,5000,5000,4250,4850,-14820.97523,24,24,24,24,24,0,1,1,1
FALSE,FALSE,FALSE,FALSE,FALSE,5000,3850,4250,3850,-16213.53521,24,24,24,24,24,1,1,1,1
FALSE,FALSE,FALSE,FALSE,FALSE,5000,5000,5000,5000,-1919.282188,24,24,24,24,24,0,0,0,1
FALSE,FALSE,FALSE,FALSE,FALSE,5000,3850,5000,5000,-1327.5,24,24,24,24,24,1,0,0,1
FALSE,FALSE,FALSE,FALSE,FALSE,5000,5000,4250,5000,-450,24,24,24,24,24,0,1,0,1
FALSE,FALSE,FALSE,FALSE,FALSE,5000,5000,4250,-450,-450,24,24,24,24,24,0,1,1,1
FALSE,FALSE,FALSE,FALSE,FALSE,5000,3850,5000,4850,-2984.582188,24,24,24,24,24,1,0,1,1
FALSE,TRUE,TRUE,TRUE,TRUE,-50000,9172.5,3728.875,9122.5,3195.625,24,2,3,2,2,0,0,0,0
FALSE,FALSE,FALSE,FALSE,FALSE,5000,5000,3537.5,5000,-8289.697721,24,24,24,24,24,0,1,0,1
FALSE,FALSE,FALSE,FALSE,FALSE,5000,5000,5000,5000,-5511.125,24,24,24,24,24,0,0,0,1
FALSE,FALSE,FALSE,FALSE,FALSE,5000,3850,4250,5000,4850,24,24,24,24,24,1,1,0,1
FALSE,FALSE,FALSE,FALSE,FALSE,5000,3850,5000,5000,-22315.44882,24,24,24,24,24,1,0,0,1
FALSE,FALSE,FALSE,FALSE,FALSE,5000,3850,5000,-450,-15577.81888,24,24,24,24,24,1,0,1,1
FALSE,FALSE,FALSE,FALSE,FALSE,5000,3850,4250,5000,-8458.119065,24,24,24,24,24,1,1,0,1
FALSE,FALSE,FALSE,FALSE,FALSE,5000,3850,4250,5000,-33224.05572,24,24,24,24,24,1,1,0,1
FALSE,FALSE,FALSE,FALSE,FALSE,5000,3850,4250,3850,5000,24,24,24,24,24,1,1,1,0
FALSE,FALSE,FALSE,FALSE,FALSE,5000,3850,5000,5000,-48780.74201,24,24,24,24,24,1,0,0,1
FALSE,FALSE,FALSE,FALSE,FALSE,5000,3850,4250,4250,-2616.35625,24,24,24,24,24,1,1,1,1
FALSE,TRUE,TRUE,TRUE,TRUE,-50000,9172.5,-1623.516734,7713.875,-24431.78191,24,2,6,3,1,0,0,0,0
FALSE,FALSE,FALSE,FALSE,TRUE,-50000,-50000,-50000,-50000,-35693.22289,24,24,24,24,3,0,0,0,0
FALSE,TRUE,TRUE,TRUE,FALSE,-50000,9172.5,3728.875,8072.5,-50000,24,2,3,2,24,0,0,0,0
FALSE,FALSE,FALSE,FALSE,FALSE,5000,5000,4250,5000,-6871.032188,24,24,24,24,24,0,1,0,1
FALSE,FALSE,FALSE,FALSE,FALSE,5000,3850,5000,5000,-327.5,24,24,24,24,24,1,0,0,1
FALSE,FALSE,FALSE,FALSE,FALSE,5000,5000,4250,4707.5,-29170.832,24,24,24,24,24,0,1,1,1
FALSE,FALSE,TRUE,TRUE,TRUE,-50000,-50000,3728.875,9172.5,-43681.22608,24,24,3,2,2,0,0,0,0
FALSE,FALSE,FALSE,FALSE,FALSE,5000,-1327.5,5000,5000,-11187.91531,24,24,24,24,24,1,0,0,1
FALSE,FALSE,FALSE,FALSE,FALSE,5000,5000,4250,5000,-1365.375,24,24,24,24,24,0,1,0,1
FALSE,FALSE,FALSE,FALSE,FALSE,5000,5000,4250,5000,-1462.875,24,24,24,24,24,0,1,0,1
FALSE,FALSE,FALSE,FALSE,FALSE,5000,-1327.5,4250,4850,5000,24,24,24,24,24,1,1,1,0
FALSE,FALSE,FALSE,FALSE,FALSE,5000,5000,5000,5000,-1162.5,24,24,24,24,24,0,0,0,1
FALSE,FALSE,FALSE,FALSE,FALSE,5000,5000,4250,5000,-19806.1335,24,24,24,24,24,0,1,0,1
FALSE,TRUE,TRUE,FALSE,FALSE,-50000,9172.5,3592.43125,-50000,-47883.5,24,2,4,24,24,0,0,0,0
FALSE,FALSE,FALSE,FALSE,FALSE,5000,5000,4250,5000,5000,24,24,24,24,24,0,1,0,0
FALSE,FALSE,FALSE,FALSE,FALSE,5000,5000,5000,5000,-15785.0613,24,24,24,24,24,0,0,0,1
FALSE,FALSE,FALSE,FALSE,FALSE,5000,5000,5000,-450,5000,24,24,24,24,24,0,0,1,0
FALSE,FALSE,FALSE,FALSE,FALSE,5000,5000,3537.5,5000,-10977.06875,24,24,24,24,24,0,1,0,1
FALSE,FALSE,FALSE,FALSE,FALSE,5000,3850,4250,4250,-811.125,24,24,24,24,24,1,1,1,1
FALSE,FALSE,FALSE,FALSE,FALSE,5000,3850,4250,-1327.5,-10556.65999,24,24,24,24,24,1,1,1,1
FALSE,FALSE,TRUE,TRUE,FALSE,-50000,-50000,4203.875,2395.43125,-50800.65478,24,24,2,4,24,0,0,0,0
FALSE,FALSE,FALSE,FALSE,FALSE,5000,3850,4250,5000,5000,24,24,24,24,24,1,1,0,0
FALSE,FALSE,FALSE,FALSE,FALSE,5000,3850,4250,5000,-11571.56808,24,24,24,24,24,1,1,0,1
FALSE,FALSE,FALSE,FALSE,FALSE,5000,3850,5000,4250,-11328.21531,24,24,24,24,24,1,0,1,1
FALSE,FALSE,FALSE,FALSE,FALSE,5000,3850,5000,5000,5000,24,24,24,24,24,1,0,0,0
FALSE,FALSE,FALSE,FALSE,FALSE,5000,5000,4250,5000,5000,24,24,24,24,24,0,1,0,0
FALSE,FALSE,FALSE,FALSE,FALSE,-50000,-50000,-50000,-50000,-42700,24,24,24,24,24,0,0,0,0
FALSE,TRUE,TRUE,TRUE,TRUE,-50000,9172.5,9122.5,9172.5,-29714.05756,24,2,2,2,8,0,0,0,0
FALSE,FALSE,FALSE,FALSE,FALSE,5000,3850,5000,4850,-7189.282188,24,24,24,24,24,1,0,1,1
FALSE,FALSE,FALSE,FALSE,FALSE,5000,5000,5000,-1542.5,-24973.54619,24,24,24,24,24,0,0,1,1
FALSE,FALSE,FALSE,FALSE,FALSE,5000,5000,4250,-450,-12470.07542,24,24,24,24,24,0,1,1,1
FALSE,TRUE,FALSE,FALSE,TRUE,-50000,9172.5,-47450,-50000,-13650.82121,24,2,24,24,3,0,0,0,0
FALSE,TRUE,TRUE,FALSE,FALSE,-50000,9172.5,-468.81875,-50000,-49607.40312,24,2,2,24,24,0,0,0,0
FALSE,FALSE,FALSE,FALSE,FALSE,5000,5000,4250,-450,-5627.5,24,24,24,24,24,0,1,1,1
FALSE,FALSE,FALSE,FALSE,FALSE,5000,5000,4250,3850,-1269.375,24,24,24,24,24,0,1,1,1
FALSE,FALSE,FALSE,FALSE,FALSE,5000,3850,4250,3850,-15523.40541,24,24,24,24,24,1,1,1,1
FALSE,FALSE,FALSE,FALSE,FALSE,5000,5000,4250,-5627.5,-12202.63511,24,24,24,24,24,0,1,1,1
FALSE,FALSE,FALSE,FALSE,FALSE,5000,5000,4250,5000,4850,24,24,24,24,24,0,1,0,1
FALSE,FALSE,FALSE,FALSE,FALSE,5000,5000,5000,-327.5,-5720.11458,24,24,24,24,24,0,0,1,1
FALSE,FALSE,FALSE,FALSE,FALSE,5000,3850,4250,3850,-12903.66183,24,24,24,24,24,1,1,1,1
FALSE,FALSE,FALSE,FALSE,FALSE,5000,3850,4250,5000,-6665.375,24,24,24,24,24,1,1,0,1
FALSE,FALSE,FALSE,FALSE,FALSE,5000,-1327.5,5000,4250,5000,24,24,24,24,24,1,0,1,0
FALSE,TRUE,TRUE,FALSE,FALSE,-50000,9172.5,4203.875,-50000,-52963.625,24,2,2,24,24,0,0,0,0
FALSE,FALSE,FALSE,FALSE,FALSE,5000,3850,4250,5000,-10803.27142,24,24,24,24,24,1,1,0,1
FALSE,FALSE,FALSE,FALSE,FALSE,5000,5000,5000,3757.5,-450,24,24,24,24,24,0,0,1,1
FALSE,FALSE,FALSE,FALSE,TRUE,-50000,-50000,-47464.25,-50000,-5140.275534,24,24,24,24,2,0,0,0,0
FALSE,TRUE,FALSE,TRUE,TRUE,-50000,9172.5,-50000,3872.5,-2507.10625,24,2,24,2,3,0,0,0,0
FALSE,FALSE,FALSE,FALSE,FALSE,5000,3850,5000,4250,3206.917812,24,24,24,24,24,1,0,1,1
FALSE,FALSE,FALSE,FALSE,FALSE,5000,5000,4250,4850,3757.5,24,24,24,24,24,0,1,1,1
FALSE,FALSE,TRUE,TRUE,FALSE,-50000,-50000,8716.375,2468.875,-50000,24,24,3,3,24,0,0,0,0
FALSE,FALSE,FALSE,FALSE,FALSE,5000,3850,5000,5000,-28858.66564,24,24,24,24,24,1,0,0,1
FALSE,FALSE,FALSE,FALSE,FALSE,5000,3850,5000,4850,-41516.31132,24,24,24,24,24,1,0,1,1
FALSE,FALSE,FALSE,FALSE,FALSE,5000,3850,5000,5000,-20306.96232,24,24,24,24,24,1,0,0,1
FALSE,FALSE,FALSE,FALSE,TRUE,-50000,-50000,-50000,-48500,-4900.37682,24,24,24,24,2,0,0,0,0
FALSE,TRUE,TRUE,TRUE,FALSE,-50000,12714.93125,8104.93125,13278.875,-47400,24,4,4,3,24,0,0,0,0
FALSE,FALSE,FALSE,FALSE,FALSE,5000,3850,4250,5000,-5970.56875,24,24,24,24,24,1,1,0,1
FALSE,FALSE,FALSE,FALSE,FALSE,5000,5000,5000,-450,-6921.967047,24,24,24,24,24,0,0,1,1
FALSE,FALSE,FALSE,FALSE,FALSE,5000,-1327.5,4250,4850,4707.5,24,24,24,24,24,1,1,1,1
FALSE,FALSE,FALSE,FALSE,FALSE,5000,3850,4250,4850,-18574.98392,24,24,24,24,24,1,1,1,1
FALSE,FALSE,FALSE,FALSE,FALSE,5000,5000,4250,5000,5000,24,24,24,24,24,0,1,0,0
FALSE,FALSE,FALSE,FALSE,FALSE,5000,5000,5000,5000,-5603.78333,24,24,24,24,24,0,0,0,1
FALSE,FALSE,FALSE,FALSE,FALSE,5000,3850,5000,5000,5000,24,24,24,24,24,1,0,0,0
FALSE,FALSE,FALSE,FALSE,FALSE,5000,5000,4250,5000,-7502.948437,24,24,24,24,24,0,1,0,1
FALSE,FALSE,FALSE,FALSE,FALSE,5000,3850,5000,5000,5000,24,24,24,24,24,1,0,0,0
FALSE,FALSE,FALSE,FALSE,FALSE,5000,3850,4250,-1327.5,-30829.8521,24,24,24,24,24,1,1,1,1
FALSE,FALSE,FALSE,FALSE,FALSE,5000,3850,4250,4250,-12903.67835,24,24,24,24,24,1,1,1,1
FALSE,FALSE,FALSE,FALSE,FALSE,5000,5000,4250,-1542.5,-22835.40171,24,24,24,24,24,0,1,1,1
FALSE,FALSE,FALSE,FALSE,FALSE,5000,3850,4250,-450,-24531.07907,24,24,24,24,24,1,1,1,1
FALSE,TRUE,TRUE,FALSE,TRUE,-50000,8813.875,3592.43125,-50000,-3480.458173,24,3,4,24,5,0,0,0,0
FALSE,FALSE,FALSE,FALSE,FALSE,5000,3850,4250,-450,-17496.95056,24,24,24,24,24,1,1,1,1
FALSE,FALSE,FALSE,FALSE,FALSE,5000,5000,4250,5000,-15161.21432,24,24,24,24,24,0,1,0,1
FALSE,FALSE,FALSE,FALSE,FALSE,5000,3850,5000,3850,-1542.5,24,24,24,24,24,1,0,1,1
FALSE,FALSE,FALSE,FALSE,FALSE,5000,3850,4250,-450,-5246.125,24,24,24,24,24,1,1,1,1
FALSE,FALSE,FALSE,FALSE,FALSE,5000,3850,4250,5000,-22820.1453,24,24,24,24,24,1,1,0,1
FALSE,TRUE,TRUE,TRUE,FALSE,-50000,3778.875,9122.5,9172.5,-50000,24,3,2,2,24,0,0,0,0
FALSE,FALSE,FALSE,FALSE,FALSE,5000,3850,4250,3850,-450,24,24,24,24,24,1,1,1,1
FALSE,FALSE,FALSE,FALSE,FALSE,5000,3850,5000,5000,-15628.21531,24,24,24,24,24,1,0,0,1
FALSE,TRUE,TRUE,TRUE,FALSE,-50000,9172.5,-1053.47207,8637.76875,-48500,24,2,7,3,24,0,0,0,0
FALSE,FALSE,FALSE,FALSE,FALSE,5000,5000,3537.5,5000,-7186.165313,24,24,24,24,24,0,1,0,1
FALSE,FALSE,FALSE,FALSE,FALSE,5000,5000,4250,5000,2480.625,24,24,24,24,24,0,1,0,1
FALSE,FALSE,FALSE,TRUE,FALSE,-50000,-50000,-50000,3466.375,-39988.60221,24,24,24,3,24,0,0,0,0
FALSE,FALSE,FALSE,FALSE,FALSE,5000,-1327.5,5000,5000,-11189.15625,24,24,24,24,24,1,0,0,1
FALSE,FALSE,FALSE,FALSE,FALSE,5000,5000,5000,4250,2757.5,24,24,24,24,24,0,0,1,1
FALSE,FALSE,FALSE,FALSE,FALSE,5000,5000,5000,5000,-28837.85398,24,24,24,24,24,0,0,0,1
FALSE,FALSE,FALSE,FALSE,FALSE,5000,3850,4250,4250,-47921.59054,24,24,24,24,24,1,1,1,1
FALSE,FALSE,FALSE,FALSE,FALSE,5000,3850,5000,5000,-6677.06875,24,24,24,24,24,1,0,0,1
FALSE,FALSE,FALSE,FALSE,FALSE,5000,5000,5000,3850,4850,24,24,24,24,24,0,0,1,1
FALSE,FALSE,FALSE,FALSE,FALSE,5000,3850,4250,5000,2669.625,24,24,24,24,24,1,1,0,1
FALSE,FALSE,FALSE,FALSE,FALSE,5000,5000,4250,4250,-21900.75649,24,24,24,24,24,0,1,1,1
FALSE,FALSE,FALSE,TRUE,TRUE,-50000,-50000,-50000,9550,-2029.818078,24,24,24,1,1,0,0,0,0
FALSE,FALSE,TRUE,TRUE,FALSE,-50000,-50000,9122.5,9172.5,-50000,24,24,2,2,24,0,0,0,0
FALSE,FALSE,FALSE,FALSE,FALSE,5000,3850,5000,4850,-28210.31085,24,24,24,24,24,1,0,1,1
FALSE,FALSE,FALSE,FALSE,FALSE,5000,5000,4250,5000,1440.575504,24,24,24,24,24,0,1,0,1
FALSE,FALSE,FALSE,FALSE,FALSE,5000,3850,5000,-450,-26883.64621,24,24,24,24,24,1,0,1,1
FALSE,FALSE,FALSE,FALSE,FALSE,5000,3850,4250,5000,5000,24,24,24,24,24,1,1,0,0
FALSE,TRUE,TRUE,FALSE,FALSE,-50000,12714.93125,13228.875,-50000,-50230,24,4,3,24,24,0,0,0,0
FALSE,FALSE,FALSE,FALSE,FALSE,5000,3850,4250,4250,-15705.84026,24,24,24,24,24,1,1,1,1
FALSE,FALSE,FALSE,FALSE,FALSE,5000,5000,4250,-1327.5,-5846.125,24,24,24,24,24,0,1,1,1
FALSE,FALSE,FALSE,FALSE,FALSE,5000,5000,5000,4250,5000,24,24,24,24,24,0,0,1,0
FALSE,FALSE,FALSE,FALSE,FALSE,5000,3850,5000,4850,-450,24,24,24,24,24,1,0,1,1
FALSE,TRUE,FALSE,FALSE,FALSE,-50000,9172.5,-50000,-50000,-50000,24,2,24,24,24,0,0,0,0
FALSE,FALSE,FALSE,FALSE,FALSE,5000,3850,5000,5000,-44605.96897,24,24,24,24,24,1,0,0,1
FALSE,FALSE,FALSE,FALSE,FALSE,5000,5000,4250,5000,3850,24,24,24,24,24,0,1,0,1
FALSE,FALSE,FALSE,FALSE,FALSE,5000,5000,5000,4850,3302.01875,24,24,24,24,24,0,0,1,1
FALSE,FALSE,FALSE,FALSE,FALSE,5000,3850,4250,4250,-6892.06875,24,24,24,24,24,1,1,1,1
FALSE,FALSE,FALSE,FALSE,FALSE,5000,3850,4250,4250,-592.5,24,24,24,24,24,1,1,1,1
FALSE,TRUE,TRUE,FALSE,FALSE,-50000,9172.5,7802.59375,-46077.5,-51238.6625,24,2,2,24,24,0,0,0,0
FALSE,FALSE,FALSE,FALSE,FALSE,-150000,-99900,-150000,-150000,-95200,24,24,24,24,24,0,0,0,0
FALSE,FALSE,FALSE,FALSE,FALSE,5000,3850,4250,5000,-20246.35559,24,24,24,24,24,1,1,0,1
FALSE,TRUE,TRUE,FALSE,TRUE,-50000,8813.875,3592.43125,-50000,-23047.10011,24,3,4,24,2,0,0,0,0
FALSE,FALSE,FALSE,FALSE,FALSE,5000,-1327.5,4250,3850,4850,24,24,24,24,24,1,1,1,1
FALSE,FALSE,FALSE,FALSE,FALSE,5000,5000,3537.5,5000,-29532.09604,24,24,24,24,24,0,1,0,1
FALSE,FALSE,FALSE,FALSE,FALSE,5000,-1327.5,4250,-450,-450,24,24,24,24,24,1,1,1,1
FALSE,FALSE,FALSE,FALSE,FALSE,5000,5000,4250,5000,-15218.81875,24,24,24,24,24,0,1,0,1
FALSE,FALSE,FALSE,TRUE,FALSE,-50000,-50000,-47450,3466.375,-50437.575,24,24,24,3,24,0,0,0,0
FALSE,FALSE,FALSE,FALSE,FALSE,-50000,-50000,-50000,-52700,-50000,24,24,24,24,24,0,0,0,0
FALSE,FALSE,FALSE,FALSE,FALSE,5000,3850,5000,-5627.5,5000,24,24,24,24,24,1,0,1,0
FALSE,FALSE,FALSE,FALSE,FALSE,5000,3850,4250,5000,-15774.50182,24,24,24,24,24,1,1,0,1
FALSE,TRUE,TRUE,TRUE,TRUE,-50000,13278.875,13228.875,7298.434687,201.1840911,24,3,3,5,3,0,0,0,0
FALSE,FALSE,FALSE,FALSE,FALSE,5000,5000,4250,5000,-10248.23392,24,24,24,24,24,0,1,0,1
FALSE,FALSE,FALSE,FALSE,FALSE,5000,-1327.5,4250,5000,-5627.5,24,24,24,24,24,1,1,0,1
FALSE,FALSE,FALSE,FALSE,FALSE,5000,5000,4250,5000,-7170.55541,24,24,24,24,24,0,1,0,1
FALSE,TRUE,TRUE,FALSE,TRUE,-50000,9172.5,9122.5,-50000,1848.64375,24,2,2,24,2,0,0,0,0
FALSE,TRUE,FALSE,TRUE,FALSE,-50000,8813.875,-50000,9550,-50000,24,3,24,1,24,0,0,0,0
FALSE,FALSE,FALSE,FALSE,FALSE,5000,3850,4250,4850,5000,24,24,24,24,24,1,1,1,0
FALSE,FALSE,FALSE,FALSE,FALSE,5000,5000,4250,4250,-21685.79551,24,24,24,24,24,0,1,1,1
FALSE,FALSE,FALSE,FALSE,FALSE,5000,3850,5000,4250,-6665.375,24,24,24,24,24,1,0,1,1
FALSE,FALSE,TRUE,FALSE,TRUE,-50000,-50000,8716.375,-50000,9407.5,24,24,3,24,1,0,0,0,0
FALSE,TRUE,FALSE,FALSE,FALSE,-50000,9172.5,-50000,-50000,-49918.99894,24,2,24,24,24,0,0,0,0
FALSE,FALSE,FALSE,FALSE,FALSE,5000,5000,4250,5000,-11372.25094,24,24,24,24,24,0,1,0,1
FALSE,FALSE,FALSE,FALSE,FALSE,5000,3850,4250,-450,-1162.5,24,24,24,24,24,1,1,1,1
FALSE,FALSE,FALSE,FALSE,FALSE,5000,3850,3537.5,5000,-47106.81329,24,24,24,24,24,1,1,0,1
FALSE,FALSE,FALSE,FALSE,FALSE,5000,3850,4250,5000,-32448.78977,24,24,24,24,24,1,1,0,1
FALSE,FALSE,FALSE,FALSE,FALSE,-50000,-50000,-50000,-50000,-47400,24,24,24,24,24,0,0,0,0
FALSE,FALSE,FALSE,FALSE,FALSE,5000,5000,4250,-5627.5,5000,24,24,24,24,24,0,1,1,0
FALSE,FALSE,FALSE,FALSE,FALSE,5000,5000,5000,4850,-7766.024605,24,24,24,24,24,0,0,1,1
FALSE,FALSE,FALSE,FALSE,FALSE,5000,3850,4250,5000,-36372.47396,24,24,24,24,24,1,1,0,1
FALSE,FALSE,FALSE,FALSE,FALSE,5000,3850,4250,4250,-46636.8116,24,24,24,24,24,1,1,1,1
FALSE,FALSE,FALSE,FALSE,FALSE,5000,3850,4250,5000,5000,24,24,24,24,24,1,1,0,0
FALSE,FALSE,FALSE,FALSE,FALSE,5000,3850,4250,5000,-16013.5896,24,24,24,24,24,1,1,0,1
FALSE,FALSE,FALSE,FALSE,FALSE,5000,5000,4250,4250,-1162.5,24,24,24,24,24,0,1,1,1
FALSE,FALSE,FALSE,FALSE,FALSE,5000,5000,4250,5000,-16020.00743,24,24,24,24,24,0,1,0,1
FALSE,FALSE,FALSE,FALSE,FALSE,5000,5000,4250,4850,-1162.5,24,24,24,24,24,0,1,1,1
FALSE,FALSE,FALSE,FALSE,FALSE,5000,3850,3537.5,5000,-15572.87781,24,24,24,24,24,1,1,0,1
FALSE,FALSE,TRUE,FALSE,TRUE,-50000,-47400,3728.875,-50000,-6655.500937,24,24,3,24,2,0,0,0,0
FALSE,FALSE,FALSE,FALSE,FALSE,5000,5000,4250,5000,-450,24,24,24,24,24,0,1,0,1
FALSE,FALSE,FALSE,FALSE,FALSE,5000,-1327.5,5000,5000,5000,24,24,24,24,24,1,0,0,0
FALSE,FALSE,FALSE,FALSE,FALSE,5000,3850,5000,5000,5000,24,24,24,24,24,1,0,0,0
FALSE,FALSE,FALSE,FALSE,FALSE,5000,5000,5000,3850,-15113.79031,24,24,24,24,24,0,0,1,1
FALSE,FALSE,FALSE,FALSE,FALSE,5000,5000,4250,3137.5,-10183.81875,24,24,24,24,24,0,1,1,1
FALSE,FALSE,TRUE,FALSE,TRUE,5000,2757.5,8572.5,5000,-41310.83621,24,24,2,24,23,1,0,0,1
FALSE,FALSE,FALSE,FALSE,FALSE,5000,3850,4250,4707.5,-14408.14721,24,24,24,24,24,1,1,1,1
FALSE,TRUE,TRUE,FALSE,FALSE,-50000,9172.5,-1395.06875,-50000,-50000,24,2,4,24,24,0,0,0,0
FALSE,FALSE,FALSE,FALSE,TRUE,-50000,-50000,-50000,-50000,-26470.8661,24,24,24,24,2,0,0,0,0
FALSE,FALSE,FALSE,FALSE,FALSE,5000,3850,5000,4850,-14957.87781,24,24,24,24,24,1,0,1,1
FALSE,FALSE,FALSE,FALSE,FALSE,5000,5000,5000,5000,-1162.5,24,24,24,24,24,0,0,0,1
FALSE,FALSE,FALSE,FALSE,FALSE,5000,3850,4250,4850,-10546.125,24,24,24,24,24,1,1,1,1
FALSE,FALSE,FALSE,FALSE,FALSE,5000,5000,4250,4250,-1542.5,24,24,24,24,24,0,1,1,1
FALSE,FALSE,FALSE,FALSE,FALSE,5000,3850,5000,4250,5000,24,24,24,24,24,1,0,1,0
FALSE,FALSE,FALSE,FALSE,FALSE,5000,3850,4250,5000,-1381.125,24,24,24,24,24,1,1,0,1
FALSE,FALSE,FALSE,FALSE,FALSE,5000,3850,5000,4107.5,-12142.98594,24,24,24,24,24,1,0,1,1
FALSE,FALSE,FALSE,FALSE,FALSE,5000,5000,4250,5000,-2497.099016,24,24,24,24,24,0,1,0,1
FALSE,FALSE,TRUE,TRUE,FALSE,-50000,-50000,-1395.06875,9172.5,-52700,24,24,4,2,24,0,0,0,0
FALSE,FALSE,FALSE,FALSE,FALSE,5000,5000,4250,4250,-45912.54578,24,24,24,24,24,0,1,1,1
FALSE,FALSE,FALSE,FALSE,FALSE,5000,3850,4250,-327.5,-12980.26339,24,24,24,24,24,1,1,1,1
FALSE,TRUE,FALSE,TRUE,TRUE,-50000,9172.5,-50000,8072.5,-19268.88887,24,2,24,2,6,0,0,0,0
FALSE,FALSE,FALSE,FALSE,FALSE,5000,5000,4250,3157.5,-10518.81875,24,24,24,24,24,0,1,1,1
FALSE,FALSE,FALSE,FALSE,FALSE,5000,5000,5000,-450,-6463.215312,24,24,24,24,24,0,0,1,1
FALSE,FALSE,FALSE,FALSE,FALSE,5000,5000,4250,5000,-20201.62705,24,24,24,24,24,0,1,0,1
FALSE,FALSE,FALSE,FALSE,FALSE,5000,3850,4250,-450,-2848.040312,24,24,24,24,24,1,1,1,1
FALSE,FALSE,FALSE,FALSE,FALSE,5000,5000,4250,4250,-15294.23392,24,24,24,24,24,0,1,1,1
FALSE,TRUE,FALSE,FALSE,FALSE,-50000,8813.875,-50000,-48500,-50000,24,3,24,24,24,0,0,0,0
FALSE,FALSE,FALSE,FALSE,FALSE,5000,3850,5000,5000,-1601.296516,24,24,24,24,24,1,0,0,1
FALSE,FALSE,FALSE,FALSE,FALSE,5000,3850,4250,4850,-339.73125,24,24,24,24,24,1,1,1,1
FALSE,FALSE,FALSE,FALSE,FALSE,5000,3850,5000,5000,-36023.76545,24,24,24,24,24,1,0,0,1
FALSE,FALSE,FALSE,FALSE,FALSE,5000,5000,5000,5000,4850,24,24,24,24,24,0,0,0,1
FALSE,FALSE,FALSE,FALSE,FALSE,5000,5000,4250,5000,4850,24,24,24,24,24,0,1,0,1
FALSE,FALSE,FALSE,FALSE,FALSE,5000,5000,4250,-327.5,-15538.21352,24,24,24,24,24,0,1,1,1
FALSE,TRUE,FALSE,FALSE,FALSE,-50000,12938.18125,-43426.75,-40515,-47296.67978,24,4,24,24,24,0,0,0,0
FALSE,TRUE,TRUE,FALSE,TRUE,-50000,9172.5,9122.5,-50000,7395.625,24,2,2,24,2,0,0,0,0
FALSE,FALSE,FALSE,FALSE,FALSE,5000,3850,4250,5000,-18794.33111,24,24,24,24,24,1,1,0,1
FALSE,TRUE,TRUE,FALSE,TRUE,-50000,9172.5,3728.875,-50000,-546.125,24,2,3,24,1,0,0,0,0
FALSE,FALSE,FALSE,FALSE,FALSE,5000,-1327.5,4250,5000,3157.5,24,24,24,24,24,1,1,0,1
FALSE,FALSE,FALSE,FALSE,FALSE,5000,3850,5000,5000,5000,24,24,24,24,24,1,0,0,0
FALSE,FALSE,FALSE,TRUE,FALSE,-50000,-50000,-50000,9122.5,-52700,24,24,24,2,24,0,0,0,0
FALSE,FALSE,FALSE,FALSE,FALSE,5000,3850,4250,-450,-7897.564195,24,24,24,24,24,1,1,1,1
FALSE,FALSE,FALSE,FALSE,FALSE,5000,3850,4250,3850,-30837.81434,24,24,24,24,24,1,1,1,1
FALSE,FALSE,FALSE,FALSE,FALSE,5000,5000,5000,3850,5000,24,24,24,24,24,0,0,1,0
FALSE,FALSE,FALSE,FALSE,FALSE,5000,3850,4250,4850,5000,24,24,24,24,24,1,1,1,0
FALSE,FALSE,FALSE,FALSE,FALSE,5000,5000,4250,4250,-5135.56875,24,24,24,24,24,0,1,1,1
FALSE,FALSE,FALSE,FALSE,FALSE,5000,3850,4250,5000,-450,24,24,24,24,24,1,1,0,1
FALSE,FALSE,FALSE,FALSE,FALSE,5000,-1327.5,5000,-450,-1050.56875,24,24,24,24,24,1,0,1,1
FALSE,FALSE,FALSE,TRUE,TRUE,-50000,-50000,-50015,13278.875,-21596.26933,24,24,24,3,4,0,0,0,0
FALSE,FALSE,FALSE,FALSE,FALSE,5000,5000,4250,5000,5000,24,24,24,24,24,0,1,0,0
FALSE,FALSE,FALSE,FALSE,FALSE,5000,3850,5000,4250,-450,24,24,24,24,24,1,0,1,1
FALSE,FALSE,FALSE,FALSE,FALSE,5000,-1327.5,4250,4250,-16535.53494,24,24,24,24,24,1,1,1,1
FALSE,FALSE,FALSE,FALSE,FALSE,5000,3850,4250,3850,-5246.125,24,24,24,24,24,1,1,1,1
FALSE,FALSE,FALSE,FALSE,FALSE,5000,3850,3537.5,-450,-327.5,24,24,24,24,24,1,1,1,1
FALSE,FALSE,FALSE,FALSE,FALSE,5000,3850,4250,5000,-10961.46352,24,24,24,24,24,1,1,0,1
FALSE,FALSE,FALSE,FALSE,FALSE,5000,3850,4250,4250,-11907.14535,24,24,24,24,24,1,1,1,1
FALSE,FALSE,FALSE,FALSE,FALSE,5000,3850,4250,2099.625,5000,24,24,24,24,24,1,1,1,0
FALSE,FALSE,FALSE,FALSE,FALSE,5000,3850,4250,-450,-47519.52092,24,24,24,24,24,1,1,1,1
FALSE,FALSE,FALSE,FALSE,FALSE,5000,-1327.5,4250,5000,-6246.125,24,24,24,24,24,1,1,0,1
FALSE,FALSE,FALSE,FALSE,FALSE,5000,3850,5000,-327.5,3850,24,24,24,24,24,1,0,1,1
FALSE,FALSE,FALSE,FALSE,FALSE,5000,3850,-927.5,5000,4250,24,24,24,24,24,1,1,0,1
FALSE,FALSE,FALSE,FALSE,FALSE,5000,5000,-927.5,4250,4850,24,24,24,24,24,0,1,1,1
FALSE,TRUE,FALSE,TRUE,FALSE,-50000,9172.5,-50000,7713.875,-48500,24,2,24,3,24,0,0,0,0
FALSE,FALSE,FALSE,FALSE,FALSE,5000,3850,5000,-450,-11500.77087,24,24,24,24,24,1,0,1,1
FALSE,FALSE,FALSE,FALSE,FALSE,5000,3850,4250,5000,-450,24,24,24,24,24,1,1,0,1
FALSE,FALSE,FALSE,FALSE,FALSE,5000,3850,4250,4850,5000,24,24,24,24,24,1,1,1,0
FALSE,FALSE,FALSE,FALSE,FALSE,5000,5000,5000,5000,5000,24,24,24,24,24,0,0,0,0
FALSE,FALSE,FALSE,FALSE,FALSE,5000,3850,3537.5,5000,-11163.21531,24,24,24,24,24,1,1,0,1
FALSE,FALSE,FALSE,FALSE,FALSE,5000,3850,4250,5000,5000,24,24,24,24,24,1,1,0,0
FALSE,FALSE,FALSE,FALSE,FALSE,5000,5000,4250,4250,-5627.5,24,24,24,24,24,0,1,1,1
FALSE,FALSE,FALSE,FALSE,FALSE,5000,5000,5000,5000,-18522.99592,24,24,24,24,24,0,0,0,1
FALSE,FALSE,TRUE,TRUE,FALSE,-50000,-47400,9122.5,8766.375,-50015,24,24,2,3,24,0,0,0,0
FALSE,TRUE,TRUE,TRUE,FALSE,-50000,8813.875,3728.875,9122.5,-48500,24,3,3,2,24,0,0,0,0
FALSE,FALSE,FALSE,TRUE,FALSE,-50000,-50000,-47450,9172.5,-50000,24,24,24,2,24,0,0,0,0
FALSE,TRUE,FALSE,FALSE,TRUE,-50000,9172.5,-50000,-50000,-20717.12464,24,2,24,24,14,0,0,0,0
FALSE,FALSE,FALSE,TRUE,TRUE,-50000,-50000,-50000,-1046.125,-3569.200351,24,24,24,2,6,0,0,0,0
FALSE,FALSE,FALSE,FALSE,FALSE,5000,5000,5000,5000,-6678.718246,24,24,24,24,24,0,0,0,1
FALSE,FALSE,FALSE,FALSE,FALSE,5000,5000,4250,-450,-6665.375,24,24,24,24,24,0,1,1,1
FALSE,FALSE,FALSE,FALSE,FALSE,5000,3850,5000,4250,-30541.77849,24,24,24,24,24,1,0,1,1
FALSE,FALSE,FALSE,FALSE,FALSE,5000,-1327.5,5000,5000,-450,24,24,24,24,24,1,0,0,1
FALSE,FALSE,FALSE,FALSE,FALSE,5000,5000,5000,5000,-1162.5,24,24,24,24,24,0,0,0,1
FALSE,FALSE,FALSE,FALSE,FALSE,5000,3850,5000,5000,-22407.26761,24,24,24,24,24,1,0,0,1
FALSE,FALSE,TRUE,TRUE,FALSE,-50000,-50000,-1275.315313,3728.875,-50000,24,24,5,3,24,0,0,0,0
FALSE,FALSE,FALSE,FALSE,TRUE,-50000,-52401.75,-50000,-47400,-27267.31787,24,24,24,24,9,0,0,0,0
FALSE,TRUE,TRUE,FALSE,FALSE,-50000,9172.5,3728.875,-50000,-50000,24,2,3,24,24,0,0,0,0
FALSE,FALSE,FALSE,FALSE,FALSE,5000,3850,5000,3850,-9322.877812,24,24,24,24,24,1,0,1,1
FALSE,FALSE,FALSE,FALSE,FALSE,5000,5000,5000,3850,-39869.78881,24,24,24,24,24,0,0,1,1
FALSE,FALSE,FALSE,FALSE,FALSE,5000,-1327.5,5000,4850,-31134.85684,24,24,24,24,24,1,0,1,1
FALSE,TRUE,FALSE,TRUE,TRUE,-50000,9172.5,-50000,9172.5,-5335.698309,24,2,24,2,1,0,0,0,0
FALSE,FALSE,FALSE,FALSE,FALSE,5000,5000,4250,5000,-450,24,24,24,24,24,0,1,0,1
FALSE,FALSE,FALSE,FALSE,TRUE,-50000,-50000,-50000,-52700,-13040.86427,24,24,24,24,1,0,0,0,0
FALSE,FALSE,FALSE,FALSE,FALSE,5000,3850,5000,3850,-16445.54663,24,24,24,24,24,1,0,1,1
FALSE,FALSE,FALSE,FALSE,FALSE,5000,3850,5000,4850,-1327.5,24,24,24,24,24,1,0,1,1
FALSE,FALSE,FALSE,FALSE,FALSE,5000,3850,5000,5000,-11977.08744,24,24,24,24,24,1,0,0,1
FALSE,FALSE,FALSE,FALSE,FALSE,5000,5000,4250,5000,-36394.16065,24,24,24,24,24,0,1,0,1
FALSE,FALSE,FALSE,FALSE,FALSE,5000,5000,5000,-1327.5,-10884.30063,24,24,24,24,24,0,0,1,1
FALSE,FALSE,FALSE,FALSE,FALSE,5000,3850,5000,5000,-592.5,24,24,24,24,24,1,0,0,1
FALSE,TRUE,FALSE,FALSE,FALSE,-50000,13278.875,-50000,-50000,-47075,24,3,24,24,24,0,0,0,0
FALSE,FALSE,FALSE,FALSE,FALSE,5000,3850,5000,-327.5,3157.5,24,24,24,24,24,1,0,1,1
FALSE,FALSE,FALSE,FALSE,FALSE,5000,3850,3537.5,5000,-15593.85785,24,24,24,24,24,1,1,0,1
FALSE,TRUE,TRUE,TRUE,TRUE,-50000,9172.5,4043.68125,9122.5,-3549.124141,24,2,3,2,2,0,0,0,0
FALSE,FALSE,FALSE,FALSE,FALSE,5000,3850,2860.625,5000,-11340.05455,24,24,24,24,24,1,1,0,1
FALSE,TRUE,FALSE,FALSE,TRUE,-50000,9172.5,-50000,-50000,-19371.87904,24,2,24,24,2,0,0,0,0
FALSE,FALSE,TRUE,FALSE,FALSE,-50000,-50000,13228.875,-50000,-40014.72125,24,24,3,24,24,0,0,0,0
FALSE,TRUE,FALSE,TRUE,TRUE,-50000,9172.5,-50000,9172.5,7369.417813,24,2,24,2,2,0,0,0,0
FALSE,FALSE,FALSE,FALSE,FALSE,5000,3850,5000,5000,-5246.125,24,24,24,24,24,1,0,0,1
FALSE,FALSE,TRUE,TRUE,TRUE,-50000,-50000,13228.875,13278.875,-9851.555958,24,24,3,3,5,0,0,0,0
FALSE,FALSE,FALSE,FALSE,FALSE,5000,3850,4250,-450,5000,24,24,24,24,24,1,1,1,0
FALSE,FALSE,FALSE,FALSE,FALSE,5000,5000,4250,-5627.5,-27039.2551,24,24,24,24,24,0,1,1,1
FALSE,FALSE,FALSE,FALSE,FALSE,5000,5000,5000,4850,-10674.73125,24,24,24,24,24,0,0,1,1
FALSE,FALSE,FALSE,FALSE,FALSE,5000,3850,5000,5000,-10546.125,24,24,24,24,24,1,0,0,1
FALSE,FALSE,FALSE,FALSE,FALSE,5000,3850,5000,5000,3850,24,24,24,24,24,1,0,0,1
FALSE,FALSE,FALSE,FALSE,FALSE,5000,3850,5000,3850,-30661.76129,24,24,24,24,24,1,0,1,1
FALSE,FALSE,FALSE,FALSE,FALSE,5000,3850,4250,3850,-1242.06875,24,24,24,24,24,1,1,1,1
FALSE,FALSE,FALSE,FALSE,FALSE,5000,3850,4250,5000,5000,24,24,24,24,24,1,1,0,0
FALSE,FALSE,FALSE,FALSE,FALSE,5000,5000,4250,4850,-4570.427917,24,24,24,24,24,0,1,1,1
FALSE,FALSE,FALSE,FALSE,FALSE,5000,3850,5000,5000,-15192.87781,24,24,24,24,24,1,0,0,1
FALSE,FALSE,FALSE,FALSE,FALSE,5000,3850,3537.5,5000,-32399.8887,24,24,24,24,24,1,1,0,1
FALSE,FALSE,FALSE,FALSE,FALSE,5000,5000,4250,5000,-11430.85705,24,24,24,24,24,0,1,0,1
FALSE,FALSE,FALSE,FALSE,FALSE,5000,5000,5000,-450,-19321.22511,24,24,24,24,24,0,0,1,1
FALSE,FALSE,FALSE,FALSE,FALSE,5000,5000,4250,5000,-11077.12781,24,24,24,24,24,0,1,0,1
FALSE,FALSE,FALSE,FALSE,FALSE,5000,5000,4250,5000,3850,24,24,24,24,24,0,1,0,1
FALSE,FALSE,FALSE,FALSE,FALSE,5000,3850,5000,5000,-7651.35625,24,24,24,24,24,1,0,0,1
FALSE,FALSE,FALSE,FALSE,FALSE,5000,5000,4250,3850,-27949.49819,24,24,24,24,24,0,1,1,1
FALSE,FALSE,FALSE,FALSE,FALSE,5000,3850,4250,5000,-8040.838438,24,24,24,24,24,1,1,0,1
FALSE,FALSE,FALSE,FALSE,FALSE,5000,5000,4250,4850,-1542.5,24,24,24,24,24,0,1,1,1
FALSE,FALSE,FALSE,FALSE,FALSE,5000,3850,4250,4250,-27642.62358,24,24,24,24,24,1,1,1,1
FALSE,FALSE,FALSE,FALSE,FALSE,5000,3850,4250,3850,-17681.20407,24,24,24,24,24,1,1,1,1
FALSE,FALSE,FALSE,FALSE,FALSE,5000,3850,4250,4850,5000,24,24,24,24,24,1,1,1,0
FALSE,FALSE,FALSE,FALSE,FALSE,5000,3850,5000,5000,-46814.71457,24,24,24,24,24,1,0,0,1
FALSE,TRUE,TRUE,FALSE,TRUE,-50000,9172.5,8716.375,-48500,-13166.75896,24,2,3,24,7,0,0,0,0
FALSE,FALSE,FALSE,FALSE,FALSE,5000,3850,3537.5,4850,-40182.96846,24,24,24,24,24,1,1,1,1
FALSE,FALSE,FALSE,FALSE,FALSE,5000,5000,4250,-327.5,-35727.62701,24,24,24,24,24,0,1,1,1
FALSE,FALSE,FALSE,FALSE,FALSE,5000,3850,5000,-450,-927.5,24,24,24,24,24,1,0,1,1
225,,,,,,,,,,,,,,,,,,
,DESPOT,DSA,HOSP,POMCP,RANDOM,,,,,,,,,,,,,
Recovery Rate,0.00,0.586,0.437,0.491,0.423,,,,,,,,,,,,,
Unnecessary Treatment Rate,,0.459,0.456,0.414,0.655,,,,,,,,,,,,,
Discounted Reward (mean),-7675,-618.122,"-2,557.690","-2,361.607","-14,397.312",,,,,,,,,,,,,
Discounted Reward (std),24157,"17,257.601","19,763.891","18,329.165","18,761.922",,,,,,,,,,,,,
Time-to-Recovery (mean),n/a,11.351,14.829,13.505,15.374,,,,,,,,,,,,,
Time-to-Recovery (std),n/a,10.675,10.455,10.729,10.287,,,,,,,,,,,,,